"RequestID","Day","SupplyingLogNode","DeliveredAmount","Distance","FuelAmountExpended","SortieDurationPer","FuelTypeExpended","OriginatingUnit","SupplyType"
-1008,17,"OBJ BLUE SUPPLY POINT",92000,48.7329861314689,2988.95648273009,0.354421717319774,"FUEL","OBJ YELLOW SUPPLY POINT","FUEL"
-1008,17,"OBJ BLUE SUPPLY POINT",26250,73.9570270211236,295.828108084495,3.23868362709418,"FUEL","OBJ YELLOW SUPPLY POINT","FUEL"
-1008,17,"OBJ BLUE SUPPLY POINT",380000,73.9570270211236,2810.3670268027,2.61985855799479,"FUEL","OBJ YELLOW SUPPLY POINT","FUEL"
-1008,17,NA,5e+05,0,0,0,NA,"OBJ YELLOW SUPPLY POINT","FUEL"
-1010,17,NA,250000,0,0,0,NA,"OBJ YELLOW SUPPLY POINT","WATER"
-1010,17,"OBJ BLUE SUPPLY POINT",250000,167.059945805681,4677.67848255905,6.96280037847646,"FUEL","OBJ YELLOW SUPPLY POINT","WATER"
-1012,17,"OBJ BLUE SUPPLY POINT",148200,167.059945805681,4343.55859094769,6.96280037847646,"FUEL","OBJ YELLOW SUPPLY POINT","DRY_BULK"
-1012,17,NA,250000,0,0,0,NA,"OBJ YELLOW SUPPLY POINT","DRY_BULK"
-1013,17,"ANDONG SUPPLY DEPOT",712753.156757224,84.7504210574674,6441.03200036752,4.62769668498025,"FUEL","OBJ BLUE SUPPLY POINT","FUEL"
-1013,17,"ANDONG SUPPLY DEPOT",40000,84.7504210574674,339.00168422987,4.48748549399272,"FUEL","OBJ BLUE SUPPLY POINT","FUEL"
-1017,17,"ANDONG SUPPLY DEPOT",182400,84.7504210574674,2712.01347383896,4.62769668498025,"FUEL","OBJ BLUE SUPPLY POINT","DRY_BULK"
-1017,17,"ANDONG SUPPLY DEPOT",204000,65.4168154167723,2965.56229889368,0.475758657576525,"FUEL","OBJ BLUE SUPPLY POINT","DRY_BULK"
-1021,18,"OBJ YELLOW SUPPLY POINT",18400,60.6544630948377,121.308926189675,2.46469931115113,"FUEL","US BDE MECH","FUEL"
-1021,18,"OBJ YELLOW SUPPLY POINT",250000,60.6544630948377,1516.36157737094,1.92925761044054,"FUEL","US BDE MECH","FUEL"
-1022,18,"OBJ YELLOW SUPPLY POINT",253150,62.3504412889715,1745.8123560912,2.63429713056452,"FUEL","ALLIED BDE MECH","FUEL"
-1023,18,"OBJ YELLOW SUPPLY POINT",97476.2632137686,70.0211605482991,840.253926579589,3.39739429098502,"FUEL","ALLIED DIV INF","FUEL"
-1023,18,"OBJ YELLOW SUPPLY POINT",180286.142445032,70.0211605482991,1400.42321096598,3.39739429098502,"FUEL","ALLIED DIV INF","FUEL"
-1025,18,"OBJ YELLOW SUPPLY POINT",69515.4077978717,68.5033182663116,548.026546130493,3.24561006278627,"FUEL","US BDE STRYKER","FUEL"
-1040,18,"OBJ BLUE SUPPLY POINT",470500,167.059945805681,8352.99729028403,6.96280037847646,"FUEL","OBJ YELLOW SUPPLY POINT","FUEL"
-1040,18,"OBJ BLUE SUPPLY POINT",26250,73.9570270211236,295.828108084495,3.23868362709418,"FUEL","OBJ YELLOW SUPPLY POINT","FUEL"
-1040,18,NA,5e+05,0,0,0,NA,"OBJ YELLOW SUPPLY POINT","FUEL"
-1040,18,"OBJ BLUE SUPPLY POINT",380000,73.9570270211236,2810.3670268027,2.61985855799479,"FUEL","OBJ YELLOW SUPPLY POINT","FUEL"
-1043,18,NA,101800,0,0,0,NA,"OBJ YELLOW SUPPLY POINT","DRY_BULK"
-1044,18,"ANDONG SUPPLY DEPOT",40000,84.7504210574674,339.00168422987,4.48748549399272,"FUEL","OBJ BLUE SUPPLY POINT","FUEL"
-1044,18,"ANDONG SUPPLY DEPOT",473366.388691124,84.7504210574674,4237.52105287337,4.62769668498025,"FUEL","OBJ BLUE SUPPLY POINT","FUEL"
-1045,18,"ANDONG SUPPLY DEPOT",250000,84.7504210574674,2373.01178960909,4.62769668498025,"FUEL","OBJ BLUE SUPPLY POINT","WATER"
-1049,18,"ANDONG SUPPLY DEPOT",171000,84.7504210574674,2542.51263172402,4.62769668498025,"FUEL","OBJ BLUE SUPPLY POINT","DRY_BULK"
-1049,18,"ANDONG SUPPLY DEPOT",204000,65.4168154167723,2965.56229889368,0.475758657576525,"FUEL","OBJ BLUE SUPPLY POINT","DRY_BULK"
-1053,19,"OBJ YELLOW SUPPLY POINT",210000,64.9807600671583,1364.59596141032,2.3618873076726,"FUEL","US BDE MECH","FUEL"
-1053,19,"OBJ YELLOW SUPPLY POINT",58400,64.9807600671583,519.846080537266,2.8973290083832,"FUEL","US BDE MECH","FUEL"
-1054,19,"OBJ YELLOW SUPPLY POINT",253150,65.2119942054039,1825.93583775131,2.92045242220776,"FUEL","ALLIED BDE MECH","FUEL"
-1055,19,"OBJ YELLOW SUPPLY POINT",98824.251275806,76.2809037079239,915.370844495086,3.41750848437313,"FUEL","ALLIED DIV INF","FUEL"
-1055,19,"OBJ YELLOW SUPPLY POINT",97802.748724194,76.2809037079239,915.370844495086,3.41750848437313,"FUEL","ALLIED DIV INF","FUEL"
-1058,19,"OBJ YELLOW SUPPLY POINT",150083.274772035,74.9128537047635,1198.60565927622,3.28070348405709,"FUEL","US BDE STRYKER","FUEL"
-1072,19,"OBJ BLUE SUPPLY POINT",380000,73.9570270211236,2810.3670268027,2.61985855799479,"FUEL","OBJ YELLOW SUPPLY POINT","FUEL"
-1072,19,"OBJ BLUE SUPPLY POINT",26250,73.9570270211236,295.828108084495,3.23868362709418,"FUEL","OBJ YELLOW SUPPLY POINT","FUEL"
-1072,19,"OBJ BLUE SUPPLY POINT",468750,167.059945805681,8352.99729028403,6.96280037847646,"FUEL","OBJ YELLOW SUPPLY POINT","FUEL"
-1075,19,"ANDONG SUPPLY DEPOT",40000,84.7504210574674,339.00168422987,4.48748549399272,"FUEL","OBJ BLUE SUPPLY POINT","FUEL"
-1075,19,"ANDONG SUPPLY DEPOT",848209.192425171,84.7504210574674,7627.53789517206,4.62769668498025,"FUEL","OBJ BLUE SUPPLY POINT","FUEL"
-1079,19,"ANDONG SUPPLY DEPOT",102600,84.7504210574674,1525.50757903441,4.62769668498025,"FUEL","OBJ BLUE SUPPLY POINT","DRY_BULK"
-1079,19,"ANDONG SUPPLY DEPOT",204000,65.4168154167723,2965.56229889368,0.475758657576525,"FUEL","OBJ BLUE SUPPLY POINT","DRY_BULK"
-542,0,NA,350000,0,0,0,NA,"ALLIED DIV INF","FUEL"
-542,0,"ANDONG SUPPLY DEPOT",123800,29.6091261956318,384.918640543213,2.45067885142333,"FUEL","ALLIED DIV INF","FUEL"
-543,0,"ANDONG SUPPLY DEPOT",130000,25.6015697270287,332.820406451374,1.35654109924847,"FUEL","US BDE MECH","FUEL"
-543,0,"ANDONG SUPPLY DEPOT",132500,25.6015697270287,358.421976178402,1.49778786277885,"FUEL","US BDE MECH","FUEL"
-543,0,NA,5e+05,0,0,0,NA,"US BDE MECH","FUEL"
-544,0,"ANDONG SUPPLY DEPOT",165000,28.4229788180023,511.613618724042,1.79902460464146,"FUEL","ALLIED BDE MECH","FUEL"
-544,0,NA,750000,0,0,0,NA,"ALLIED BDE MECH","FUEL"
-545,0,NA,175000,0,0,0,NA,"US BDE STRYKER","FUEL"
-545,0,"ANDONG SUPPLY DEPOT",14720,21.7092983418355,43.418596683671,1.71171944285769,"FUEL","US BDE STRYKER","FUEL"
-546,0,NA,125000,0,0,0,NA,"US BDE MECH","DRY_BULK"
-546,0,"ANDONG SUPPLY DEPOT",11000,25.6015697270287,51.2031394540575,1.49778786277885,"FUEL","US BDE MECH","DRY_BULK"
-547,0,"ANDONG SUPPLY DEPOT",38200,28.4229788180023,227.383830544018,1.79902460464146,"FUEL","ALLIED BDE MECH","DRY_BULK"
-547,0,NA,125000,0,0,0,NA,"ALLIED BDE MECH","DRY_BULK"
-548,0,"ANDONG SUPPLY DEPOT",82400,29.6091261956318,473.746019130109,2.50170222823732,"FUEL","ALLIED DIV INF","DRY_BULK"
-548,0,NA,90000,0,0,0,NA,"ALLIED DIV INF","DRY_BULK"
-549,0,"ANDONG SUPPLY DEPOT",4040,21.7092983418355,43.418596683671,1.71171944285769,"FUEL","US BDE STRYKER","DRY_BULK"
-549,0,NA,1e+05,0,0,0,NA,"US BDE STRYKER","DRY_BULK"
-550,0,"ANDONG SUPPLY DEPOT",25000,25.6015697270287,102.406278908115,1.49778786277885,"FUEL","US BDE MECH","WATER"
-550,0,NA,1e+05,0,0,0,NA,"US BDE MECH","WATER"
-551,0,NA,244800,0,0,0,NA,"ALLIED DIV INF","WATER"
-552,0,NA,125000,0,0,0,NA,"ALLIED BDE MECH","WATER"
-552,0,"ANDONG SUPPLY DEPOT",25000,28.4229788180023,113.691915272009,1.79902460464146,"FUEL","ALLIED BDE MECH","WATER"
-553,0,NA,99258.75,0,0,0,NA,"US BDE STRYKER","WATER"
-554,0,NA,1e+07,0,0,0,NA,"ANDONG SUPPLY DEPOT","WATER"
-555,0,NA,8e+06,0,0,0,NA,"ANDONG SUPPLY DEPOT","DRY_BULK"
-556,0,NA,2.4e+07,0,0,0,NA,"ANDONG SUPPLY DEPOT","FUEL"
-557,0,NA,1100000,0,0,0,NA,"SEA BASE","WATER"
-558,0,NA,1e+06,0,0,0,NA,"SEA BASE","DRY_BULK"
-559,0,NA,2e+06,0,0,0,NA,"SEA BASE","FUEL"
-560,0,NA,5200,0,0,0,NA,"ALLIED DIV INF","WATER"
-561,0,NA,741.25,0,0,0,NA,"US BDE STRYKER","WATER"
-562,1,"ANDONG SUPPLY DEPOT",25000,29.6141633472924,118.45665338917,1.91814305757047,"FUEL","US BDE MECH","FUEL"
-562,1,"ANDONG SUPPLY DEPOT",280000,29.6141633472924,829.196573724188,1.77983411446552,"FUEL","US BDE MECH","FUEL"
-563,1,"ANDONG SUPPLY DEPOT",305000,34.5156496856348,1173.53208931158,1.98721987705601,"FUEL","ALLIED BDE MECH","FUEL"
-564,1,"ANDONG SUPPLY DEPOT",236900,34.637705301811,900.580337847085,2.2018698112933,"FUEL","ALLIED DIV INF","FUEL"
-565,1,"ANDONG SUPPLY DEPOT",84320,22.8025020198455,228.025020198455,1.82103981065868,"FUEL","US BDE STRYKER","FUEL"
-566,1,"ANDONG SUPPLY DEPOT",54400,29.6141633472924,296.141633472924,1.91814305757047,"FUEL","US BDE MECH","DRY_BULK"
-567,1,"ANDONG SUPPLY DEPOT",54400,34.5156496856348,345.156496856348,1.98721987705601,"FUEL","ALLIED BDE MECH","DRY_BULK"
-568,1,"ANDONG SUPPLY DEPOT",86200,34.637705301811,554.203284828975,2.2018698112933,"FUEL","ALLIED DIV INF","DRY_BULK"
-569,1,"ANDONG SUPPLY DEPOT",50000,29.6141633472924,177.684980083755,1.91814305757047,"FUEL","US BDE MECH","WATER"
-570,1,"ANDONG SUPPLY DEPOT",50000,34.5156496856348,207.093898113809,1.98721987705601,"FUEL","ALLIED BDE MECH","WATER"
-571,1,"ANDONG SUPPLY DEPOT",117200,34.637705301811,484.927874225353,2.2018698112933,"FUEL","ALLIED DIV INF","WATER"
-572,1,"ANDONG SUPPLY DEPOT",46240,22.8025020198455,228.025020198455,1.82103981065868,"FUEL","US BDE STRYKER","DRY_BULK"
-573,1,"ANDONG SUPPLY DEPOT",43373.75,22.8025020198455,136.815012119073,1.82103981065868,"FUEL","US BDE STRYKER","WATER"
-577,2,"ANDONG SUPPLY DEPOT",75000,44.4502520183466,355.602016146772,2.43031687188919,"FUEL","US BDE MECH","FUEL"
-577,2,"ANDONG SUPPLY DEPOT",230000,44.4502520183466,1022.35579642197,2.14255638220167,"FUEL","US BDE MECH","FUEL"
-578,2,"ANDONG SUPPLY DEPOT",305000,44.3362264092515,1507.43169791455,2.41891431097969,"FUEL","ALLIED BDE MECH","FUEL"
-579,2,"ANDONG SUPPLY DEPOT",236900,32.2019947986401,837.251864764641,1.95829876097621,"FUEL","ALLIED DIV INF","FUEL"
-580,2,"ANDONG SUPPLY DEPOT",84320,35.2705898088534,352.705898088534,2.26515826199754,"FUEL","US BDE STRYKER","FUEL"
-581,2,"ANDONG SUPPLY DEPOT",54400,44.4502520183466,444.502520183466,2.43031687188919,"FUEL","US BDE MECH","DRY_BULK"
-582,2,"ANDONG SUPPLY DEPOT",54400,44.3362264092515,443.362264092515,2.41891431097969,"FUEL","ALLIED BDE MECH","DRY_BULK"
-583,2,"ANDONG SUPPLY DEPOT",86200,32.2019947986401,515.231916778241,1.95829876097621,"FUEL","ALLIED DIV INF","DRY_BULK"
-584,2,"ANDONG SUPPLY DEPOT",50000,44.4502520183466,266.701512110079,2.43031687188919,"FUEL","US BDE MECH","WATER"
-585,2,"ANDONG SUPPLY DEPOT",50000,44.3362264092515,266.017358455509,2.41891431097969,"FUEL","ALLIED BDE MECH","WATER"
-586,2,"ANDONG SUPPLY DEPOT",122400,32.2019947986401,450.827927180961,1.95829876097621,"FUEL","ALLIED DIV INF","WATER"
-587,2,"ANDONG SUPPLY DEPOT",46240,35.2705898088534,352.705898088534,2.26515826199754,"FUEL","US BDE STRYKER","DRY_BULK"
-588,2,"ANDONG SUPPLY DEPOT",44115,35.2705898088534,211.62353885312,2.26515826199754,"FUEL","US BDE STRYKER","WATER"
-592,3,"ANDONG SUPPLY DEPOT",115000,59.2419906338064,829.38786887329,3.04469552451017,"FUEL","US BDE MECH","FUEL"
-592,3,"ANDONG SUPPLY DEPOT",190000,59.2419906338064,1125.59782204232,2.62388961806496,"FUEL","US BDE MECH","FUEL"
-593,3,"ANDONG SUPPLY DEPOT",305000,58.7353637217854,1997.0023665407,2.99403283330807,"FUEL","ALLIED BDE MECH","FUEL"
-594,3,"ANDONG SUPPLY DEPOT",236900,48.7384563733744,1267.19986570774,2.71137854039968,"FUEL","ALLIED DIV INF","FUEL"
-595,3,"SEA BASE",9800,63.2136426111922,148.73798261457,2.27505678477627,"FUEL","ALLIED MEB","FUEL"
-595,3,NA,25000,0,0,0,NA,"ALLIED MEB","FUEL"
-596,3,"SEA BASE",14880,71.6603007308302,337.224944615672,2.56499869571286,"FUEL","US MEB","FUEL"
-597,3,"ANDONG SUPPLY DEPOT",84320,50.0972664668203,500.972664668203,2.84725954974426,"FUEL","US BDE STRYKER","FUEL"
-598,3,"ANDONG SUPPLY DEPOT",54400,59.2419906338064,592.419906338064,3.04469552451017,"FUEL","US BDE MECH","DRY_BULK"
-599,3,"ANDONG SUPPLY DEPOT",54400,58.7353637217854,587.353637217854,2.99403283330807,"FUEL","ALLIED BDE MECH","DRY_BULK"
-600,3,"ANDONG SUPPLY DEPOT",86200,48.7384563733744,779.815301973991,2.71137854039968,"FUEL","ALLIED DIV INF","DRY_BULK"
-601,3,"ANDONG SUPPLY DEPOT",50000,59.2419906338064,355.451943802839,3.04469552451017,"FUEL","US BDE MECH","WATER"
-602,3,NA,17580,0,0,0,NA,"ALLIED MEB","DRY_BULK"
-603,3,"SEA BASE",8160,71.6603007308302,168.612472307836,2.56499869571286,"FUEL","US MEB","DRY_BULK"
-604,3,"ANDONG SUPPLY DEPOT",46240,50.0972664668203,500.972664668203,2.84725954974426,"FUEL","US BDE STRYKER","DRY_BULK"
-605,3,"ANDONG SUPPLY DEPOT",122400,48.7384563733744,682.338389227242,2.71137854039968,"FUEL","ALLIED DIV INF","WATER"
-606,3,"ANDONG SUPPLY DEPOT",50000,58.7353637217854,352.412182330712,2.99403283330807,"FUEL","ALLIED BDE MECH","WATER"
-607,3,"ANDONG SUPPLY DEPOT",44115,50.0972664668203,300.583598800922,2.84725954974426,"FUEL","US BDE STRYKER","WATER"
-608,3,NA,24960,0,0,0,NA,"ALLIED MEB","WATER"
-609,3,"SEA BASE",7785,71.6603007308302,168.612472307836,2.56499869571286,"FUEL","US MEB","WATER"
-613,3,NA,40,0,0,0,NA,"ALLIED MEB","WATER"
-614,3,NA,7420,0,0,0,NA,"ALLIED MEB","DRY_BULK"
-615,4,"ANDONG SUPPLY DEPOT",115000,59.2419906338064,829.38786887329,3.04469552451017,"FUEL","US BDE MECH","FUEL"
-615,4,"ANDONG SUPPLY DEPOT",190000,59.2419906338064,1125.59782204232,2.62388961806496,"FUEL","US BDE MECH","FUEL"
-616,4,"ANDONG SUPPLY DEPOT",305000,58.7353637217854,1997.0023665407,2.99403283330807,"FUEL","ALLIED BDE MECH","FUEL"
-617,4,"ANDONG SUPPLY DEPOT",236900,48.7384563733744,1267.19986570774,2.71137854039968,"FUEL","ALLIED DIV INF","FUEL"
-618,4,"SEA BASE",60900,74.9310112695359,1234.15783267471,2.89206974958343,"FUEL","ALLIED MEB","FUEL"
-619,4,"SEA BASE",110000,71.6603007308302,1854.73719538619,2.56499869571286,"FUEL","US MEB","FUEL"
-619,4,"SEA BASE",11520,60.921435321034,487.371482568272,0.443064984152975,"FUEL","US MEB","FUEL"
-620,4,"ANDONG SUPPLY DEPOT",84320,50.0972664668203,500.972664668203,2.84725954974426,"FUEL","US BDE STRYKER","FUEL"
-621,4,"ANDONG SUPPLY DEPOT",54400,59.2419906338064,592.419906338064,3.04469552451017,"FUEL","US BDE MECH","DRY_BULK"
-622,4,"ANDONG SUPPLY DEPOT",54400,58.7353637217854,587.353637217854,2.99403283330807,"FUEL","ALLIED BDE MECH","DRY_BULK"
-623,4,"ANDONG SUPPLY DEPOT",86200,48.7384563733744,779.815301973991,2.71137854039968,"FUEL","ALLIED DIV INF","DRY_BULK"
-624,4,"ANDONG SUPPLY DEPOT",50000,59.2419906338064,355.451943802839,3.04469552451017,"FUEL","US BDE MECH","WATER"
-625,4,"SEA BASE",26275,56.9525866759366,455.620693407492,0.414200630370448,"FUEL","ALLIED MEB","DRY_BULK"
-626,4,"SEA BASE",66640,60.921435321034,974.742965136544,0.443064984152975,"FUEL","US MEB","DRY_BULK"
-627,4,"ANDONG SUPPLY DEPOT",122400,48.7384563733744,682.338389227242,2.71137854039968,"FUEL","ALLIED DIV INF","WATER"
-628,4,"ANDONG SUPPLY DEPOT",50000,58.7353637217854,352.412182330712,2.99403283330807,"FUEL","ALLIED BDE MECH","WATER"
-629,4,"ANDONG SUPPLY DEPOT",46240,50.0972664668203,500.972664668203,2.84725954974426,"FUEL","US BDE STRYKER","DRY_BULK"
-630,4,"SEA BASE",63577.5,60.921435321034,2599.31457369745,0.443064984152975,"FUEL","US MEB","WATER"
-631,4,"ANDONG SUPPLY DEPOT",44115,50.0972664668203,300.583598800922,2.84725954974426,"FUEL","US BDE STRYKER","WATER"
-632,4,"SEA BASE",43680,56.9525866759366,1670.60920916081,0.414200630370448,"FUEL","ALLIED MEB","WATER"
-633,4,NA,250000,0,0,0,NA,"BSA SUPPLY POINT","FUEL"
-633,4,"SEA BASE",36739.1320554328,58.6617747200886,1564.3139925357,0.426631088873372,"FUEL","BSA SUPPLY POINT","FUEL"
-634,4,NA,175000,0,0,0,NA,"BSA SUPPLY POINT","WATER"
-635,4,NA,2e+05,0,0,0,NA,"BSA SUPPLY POINT","DRY_BULK"
-642,5,"ANDONG SUPPLY DEPOT",150000,73.4611867384684,1101.91780107703,3.1591953895587,"FUEL","US BDE MECH","FUEL"
-642,5,"ANDONG SUPPLY DEPOT",48250,73.4611867384684,440.767120430811,3.69821647453357,"FUEL","US BDE MECH","FUEL"
-643,5,"ANDONG SUPPLY DEPOT",122000,71.2726113474405,997.816558864166,3.47935893543078,"FUEL","ALLIED BDE MECH","FUEL"
-644,5,"ANDONG SUPPLY DEPOT",180044,58.5382823438553,1170.76564687711,3.69136113744777,"FUEL","ALLIED DIV INF","FUEL"
-645,5,"BSA SUPPLY POINT",145080,5.67386924294978,85.1080386442467,0.567386924294978,"FUEL","ALLIED MEB","FUEL"
-646,5,"BSA SUPPLY POINT",104808.457215609,2.40315870424412,26.4347457466853,0.240315870424412,"FUEL","US MEB","FUEL"
-647,5,"ANDONG SUPPLY DEPOT",68200,57.2281948112689,457.825558490151,3.56035238418912,"FUEL","US BDE STRYKER","FUEL"
-648,5,"ANDONG SUPPLY DEPOT",35360,73.4611867384684,587.689493907748,3.69821647453357,"FUEL","US BDE MECH","DRY_BULK"
-649,5,"ANDONG SUPPLY DEPOT",21760,71.2726113474405,285.090445389762,3.47935893543078,"FUEL","ALLIED BDE MECH","DRY_BULK"
-650,5,"ANDONG SUPPLY DEPOT",65512,58.5382823438553,702.459388126264,3.69136113744777,"FUEL","ALLIED DIV INF","DRY_BULK"
-651,5,"ANDONG SUPPLY DEPOT",32500,73.4611867384684,293.844746953874,3.69821647453357,"FUEL","US BDE MECH","WATER"
-654,5,"ANDONG SUPPLY DEPOT",93024,58.5382823438553,585.382823438553,3.69136113744777,"FUEL","ALLIED DIV INF","WATER"
-655,5,"ANDONG SUPPLY DEPOT",20000,71.2726113474405,285.090445389762,3.47935893543078,"FUEL","ALLIED BDE MECH","WATER"
-656,5,"ANDONG SUPPLY DEPOT",37400,57.2281948112689,457.825558490151,3.56035238418912,"FUEL","US BDE STRYKER","DRY_BULK"
-658,5,"ANDONG SUPPLY DEPOT",35681.25,57.2281948112689,228.912779245075,3.56035238418912,"FUEL","US BDE STRYKER","WATER"
-660,5,"SEA BASE",190000,72.3733032583807,3235.5123809629,2.63629894846791,"FUEL","BSA SUPPLY POINT","FUEL"
-660,5,"SEA BASE",23260.8679445672,58.6617747200886,938.588395521418,0.426631088873372,"FUEL","BSA SUPPLY POINT","FUEL"
-661,5,"SEA BASE",125000,58.6617747200886,5005.80477611423,0.426631088873372,"FUEL","BSA SUPPLY POINT","WATER"
-662,5,"SEA BASE",110000,58.6617747200886,1564.3139925357,0.426631088873372,"FUEL","BSA SUPPLY POINT","DRY_BULK"
-669,6,"ANDONG SUPPLY DEPOT",274500,73.4250808687825,2055.90226432591,3.15558480259011,"FUEL","US BDE MECH","FUEL"
-670,6,"ANDONG SUPPLY DEPOT",1e+05,72.9235454741605,729.235454741605,3.1054312631279,"FUEL","ALLIED BDE MECH","FUEL"
-670,6,"ANDONG SUPPLY DEPOT",159250,72.9235454741605,1312.62381853489,3.64445234810278,"FUEL","ALLIED BDE MECH","FUEL"
-671,6,"ANDONG SUPPLY DEPOT",217948,89.3473453814785,2144.33628915548,5.08738911738136,"FUEL","ALLIED DIV INF","FUEL"
-672,6,"BSA SUPPLY POINT",108810,40.2711624376809,442.98278681449,2.07817798139788,"FUEL","ALLIED MEB","FUEL"
-673,6,"BSA SUPPLY POINT",130791.542784391,36.996742519754,517.954395276556,1.75073598960518,"FUEL","US MEB","FUEL"
-674,6,"ANDONG SUPPLY DEPOT",79360,92.9375808131121,929.375808131121,5.44641266054473,"FUEL","US BDE STRYKER","FUEL"
-675,6,"ANDONG SUPPLY DEPOT",48960,73.4250808687825,734.250808687825,3.69460588756498,"FUEL","US BDE MECH","DRY_BULK"
-676,6,"ANDONG SUPPLY DEPOT",46240,72.9235454741605,729.235454741605,3.64445234810278,"FUEL","ALLIED BDE MECH","DRY_BULK"
-677,6,"ANDONG SUPPLY DEPOT",79304,89.3473453814785,1250.8628353407,5.08738911738136,"FUEL","ALLIED DIV INF","DRY_BULK"
-678,6,"ANDONG SUPPLY DEPOT",45000,73.4250808687825,440.550485212695,3.69460588756498,"FUEL","US BDE MECH","WATER"
-679,6,"BSA SUPPLY POINT",65925,40.2711624376809,442.98278681449,2.07817798139788,"FUEL","ALLIED MEB","DRY_BULK"
-680,6,"BSA SUPPLY POINT",44075,36.996742519754,258.977197638278,1.75073598960518,"FUEL","US MEB","DRY_BULK"
-681,6,"ANDONG SUPPLY DEPOT",112608,89.3473453814785,1072.16814457774,5.08738911738136,"FUEL","ALLIED DIV INF","WATER"
-682,6,"ANDONG SUPPLY DEPOT",42500,72.9235454741605,437.541272844963,3.64445234810278,"FUEL","ALLIED BDE MECH","WATER"
-683,6,"ANDONG SUPPLY DEPOT",43520,58.2541939062837,621.378068333693,0.423666864772972,"FUEL","US BDE STRYKER","DRY_BULK"
-684,6,"BSA SUPPLY POINT",92900,36.996742519754,369.96742519754,2.01059442458788,"FUEL","US MEB","WATER"
-684,6,"BSA SUPPLY POINT",520,36.996742519754,131.54397340357,2.13571144883881,"FUEL","US MEB","WATER"
-685,6,"ANDONG SUPPLY DEPOT",41520,58.2541939062837,1708.78968791765,0.423666864772972,"FUEL","US BDE STRYKER","WATER"
-686,6,"BSA SUPPLY POINT",31580,40.2711624376809,161.084649750724,2.33803641638057,"FUEL","ALLIED MEB","WATER"
-687,6,"SEA BASE",250000,20.0129257371493,0,0,NA,"BSA SUPPLY POINT","FUEL"
-688,6,"SEA BASE",75000,34.6733617667786,571.090664394001,1.49312789952728,"FUEL","BSA SUPPLY POINT","WATER"
-689,6,"SEA BASE",25000,34.6733617667786,81.5843806277145,1.49312789952728,"FUEL","BSA SUPPLY POINT","DRY_BULK"
-696,7,"ANDONG SUPPLY DEPOT",274500,83.3356597475524,2333.39847293147,3.53228274091348,"FUEL","US BDE MECH","FUEL"
-697,7,"ANDONG SUPPLY DEPOT",199250,89.3673899427303,1966.08257874007,4.18380658108548,"FUEL","ALLIED BDE MECH","FUEL"
-697,7,"ANDONG SUPPLY DEPOT",60000,89.3673899427303,536.204339656382,3.47478084782226,"FUEL","ALLIED BDE MECH","FUEL"
-698,7,"ANDONG SUPPLY DEPOT",217948,87.5367943834561,2100.88306520295,4.90633401757913,"FUEL","ALLIED DIV INF","FUEL"
-699,7,"BSA SUPPLY POINT",72540,47.7984811990756,382.387849592605,1.70541700280762,"FUEL","ALLIED MEB","FUEL"
-700,7,"BSA SUPPLY POINT",89280,58.4939066916096,526.445160224486,2.29839672589807,"FUEL","US MEB","FUEL"
-701,7,"ANDONG SUPPLY DEPOT",79360,95.2593342826869,952.593342826869,5.6785880075022,"FUEL","US BDE STRYKER","FUEL"
-702,7,"ANDONG SUPPLY DEPOT",48960,83.3356597475524,833.356597475524,4.15321848582883,"FUEL","US BDE MECH","DRY_BULK"
-703,7,"ANDONG SUPPLY DEPOT",46240,89.3673899427303,893.673899427303,4.18380658108548,"FUEL","ALLIED BDE MECH","DRY_BULK"
-704,7,"ANDONG SUPPLY DEPOT",79304,87.5367943834561,1225.51512136839,4.90633401757913,"FUEL","ALLIED DIV INF","DRY_BULK"
-705,7,"ANDONG SUPPLY DEPOT",45000,83.3356597475524,500.013958485314,4.15321848582883,"FUEL","US BDE MECH","WATER"
-706,7,"BSA SUPPLY POINT",26370,47.7984811990756,238.992405995378,1.70541700280762,"FUEL","ALLIED MEB","DRY_BULK"
-707,7,"BSA SUPPLY POINT",83630,58.4939066916096,818.914693682534,2.29839672589807,"FUEL","US MEB","DRY_BULK"
-708,7,"ANDONG SUPPLY DEPOT",17608,64.1657830552928,855.543774070571,0.46666024040213,"FUEL","ALLIED DIV INF","WATER"
-708,7,"ANDONG SUPPLY DEPOT",95000,87.5367943834561,875.367943834561,4.90633401757913,"FUEL","ALLIED DIV INF","WATER"
-709,7,"ANDONG SUPPLY DEPOT",42500,72.0960056848434,2114.81616675541,0.524334586798861,"FUEL","ALLIED BDE MECH","WATER"
-711,7,"BSA SUPPLY POINT",46190,58.4939066916096,350.963440149657,2.70832087484473,"FUEL","US MEB","WATER"
-711,7,"BSA SUPPLY POINT",520,58.4939066916096,207.978334903501,2.94099271146075,"FUEL","US MEB","WATER"
-713,7,"BSA SUPPLY POINT",78290,47.7984811990756,477.984811990756,2.11534115175428,"FUEL","ALLIED MEB","WATER"
-714,7,"SEA BASE",16927.0359992866,34.6733617667786,163.168761255429,1.49312789952728,"FUEL","BSA SUPPLY POINT","FUEL"
-714,7,"SEA BASE",225000,20.0129257371493,0,0,NA,"BSA SUPPLY POINT","FUEL"
-715,7,"SEA BASE",125000,34.6733617667786,897.428186904859,1.49312789952728,"FUEL","BSA SUPPLY POINT","WATER"
-716,7,"SEA BASE",110000,34.6733617667786,326.337522510858,1.49312789952728,"FUEL","BSA SUPPLY POINT","DRY_BULK"
-723,8,"ANDONG SUPPLY DEPOT",274500,92.1214582838391,2579.4008319475,3.75018768193315,"FUEL","US BDE MECH","FUEL"
-724,8,"ANDONG SUPPLY DEPOT",229250,100.865285342848,2622.49741891404,4.71553438295167,"FUEL","ALLIED BDE MECH","FUEL"
-724,8,"ANDONG SUPPLY DEPOT",30000,100.865285342848,302.595856028543,3.91142222843529,"FUEL","ALLIED BDE MECH","FUEL"
-725,8,"ANDONG SUPPLY DEPOT",217948,92.4732543715916,2219.3581049182,4.92341719022972,"FUEL","ALLIED DIV INF","FUEL"
-726,8,"BSA SUPPLY POINT",72540,51.0513393159145,408.410714527316,2.03070281449152,"FUEL","ALLIED MEB","FUEL"
-727,8,"BSA SUPPLY POINT",89280,59.3834381043385,534.450942939047,2.38734986717096,"FUEL","US MEB","FUEL"
-728,8,"ANDONG SUPPLY DEPOT",79360,81.2093066323008,812.093066323008,4.27358524246359,"FUEL","US BDE STRYKER","FUEL"
-729,8,"ANDONG SUPPLY DEPOT",48960,92.1214582838391,921.214582838391,4.45921341519637,"FUEL","US BDE MECH","DRY_BULK"
-730,8,"ANDONG SUPPLY DEPOT",46240,100.865285342848,1008.65285342848,4.71553438295167,"FUEL","ALLIED BDE MECH","DRY_BULK"
-731,8,"ANDONG SUPPLY DEPOT",79304,92.4732543715916,1294.62556120228,4.92341719022972,"FUEL","ALLIED DIV INF","DRY_BULK"
-732,8,"ANDONG SUPPLY DEPOT",45000,92.1214582838391,552.728749703035,4.45921341519637,"FUEL","US BDE MECH","WATER"
-733,8,"BSA SUPPLY POINT",26370,51.0513393159145,255.256696579573,2.03070281449152,"FUEL","ALLIED MEB","DRY_BULK"
-734,8,"BSA SUPPLY POINT",63250,59.3834381043385,593.834381043385,2.38734986717096,"FUEL","US MEB","DRY_BULK"
-735,8,"ANDONG SUPPLY DEPOT",38000,92.4732543715916,369.893017486366,4.92341719022972,"FUEL","ALLIED DIV INF","WATER"
-735,8,"ANDONG SUPPLY DEPOT",60000,75.9540070461251,3038.160281845,0.552392778517273,"FUEL","ALLIED DIV INF","WATER"
-737,8,"ANDONG SUPPLY DEPOT",11400,81.2093066323008,162.418613264602,4.27358524246359,"FUEL","US BDE STRYKER","DRY_BULK"
-738,8,"BSA SUPPLY POINT",46125,59.3834381043385,356.300628626031,2.79727401611762,"FUEL","US MEB","WATER"
-738,8,"BSA SUPPLY POINT",585,59.3834381043385,237.533752417354,3.02994585273364,"FUEL","US MEB","WATER"
-740,8,"BSA SUPPLY POINT",52750,51.0513393159145,306.308035895487,2.44062696343817,"FUEL","ALLIED MEB","WATER"
-741,8,"SEA BASE",164823.666696539,20.0129257371493,0,0,NA,"BSA SUPPLY POINT","FUEL"
-742,8,"SEA BASE",125000,34.6733617667786,897.428186904859,1.49312789952728,"FUEL","BSA SUPPLY POINT","WATER"
-743,8,"SEA BASE",110000,34.6733617667786,326.337522510858,1.49312789952728,"FUEL","BSA SUPPLY POINT","DRY_BULK"
-750,9,"OBJ BLUE SUPPLY POINT",274500,49.5433440222162,1387.21363262205,1.96648129039275,"FUEL","US BDE MECH","FUEL"
-751,9,"OBJ BLUE SUPPLY POINT",230000,49.3749026150779,1135.62276014679,1.94963714967892,"FUEL","ALLIED BDE MECH","FUEL"
-751,9,"OBJ BLUE SUPPLY POINT",29250,49.3749026150779,197.499610460311,2.33006341447315,"FUEL","ALLIED BDE MECH","FUEL"
-752,9,"OBJ BLUE SUPPLY POINT",217948,36.7010563324256,880.825351978214,1.9280411410585,"FUEL","ALLIED DIV INF","FUEL"
-753,9,"BSA SUPPLY POINT",13280,87.3100119677584,174.620023935517,3.52384801010991,"FUEL","US MEB","FUEL"
-753,9,"BSA SUPPLY POINT",76000,87.3100119677584,698.480095742068,4.06207480687194,"FUEL","US MEB","FUEL"
-754,9,"BSA SUPPLY POINT",19000,57.217433869512,114.434867739024,3.05723641879792,"FUEL","ALLIED MEB","FUEL"
-754,9,"BSA SUPPLY POINT",53540,57.217433869512,343.304603217072,2.64731226985126,"FUEL","ALLIED MEB","FUEL"
-755,9,"OBJ BLUE SUPPLY POINT",79360,26.7588161635074,267.588161635074,1.50542940540003,"FUEL","US BDE STRYKER","FUEL"
-756,9,"OBJ BLUE SUPPLY POINT",48960,49.5433440222162,495.433440222162,2.34690755518698,"FUEL","US BDE MECH","DRY_BULK"
-757,9,"OBJ BLUE SUPPLY POINT",46240,49.3749026150779,493.749026150779,2.33006341447315,"FUEL","ALLIED BDE MECH","DRY_BULK"
-758,9,"OBJ BLUE SUPPLY POINT",79304,36.7010563324256,513.814788653958,1.9280411410585,"FUEL","ALLIED DIV INF","DRY_BULK"
-759,9,"BSA SUPPLY POINT",26370,57.217433869512,286.08716934756,2.64731226985126,"FUEL","ALLIED MEB","DRY_BULK"
-760,9,"BSA SUPPLY POINT",48960,87.3100119677584,698.480095742068,3.52384801010991,"FUEL","US MEB","DRY_BULK"
-761,9,"OBJ BLUE SUPPLY POINT",45000,49.5433440222162,297.260064133297,2.34690755518698,"FUEL","US BDE MECH","WATER"
-762,9,"OBJ BLUE SUPPLY POINT",127216,36.7010563324256,513.814788653958,1.9280411410585,"FUEL","ALLIED DIV INF","WATER"
-763,9,"OBJ BLUE SUPPLY POINT",85000,49.3749026150779,493.749026150779,2.33006341447315,"FUEL","ALLIED BDE MECH","WATER"
-764,9,"OBJ BLUE SUPPLY POINT",97920,26.7588161635074,481.658690943133,1.50542940540003,"FUEL","US BDE STRYKER","DRY_BULK"
-765,9,"BSA SUPPLY POINT",520,87.3100119677584,310.435598107586,4.40792120612408,"FUEL","US MEB","WATER"
-766,9,"OBJ BLUE SUPPLY POINT",17784,26.7588161635074,53.5176323270147,1.50542940540003,"FUEL","US BDE STRYKER","WATER"
-768,9,"SEA BASE",164512.095152028,20.0129257371493,0,0,NA,"BSA SUPPLY POINT","FUEL"
-769,9,"ANDONG SUPPLY DEPOT",40000,84.7504210574674,339.00168422987,4.48748549399272,"FUEL","OBJ BLUE SUPPLY POINT","FUEL"
-769,9,NA,1e+06,0,0,0,NA,"OBJ BLUE SUPPLY POINT","FUEL"
-769,9,"ANDONG SUPPLY DEPOT",460000,84.7504210574674,4237.52105287337,4.62769668498025,"FUEL","OBJ BLUE SUPPLY POINT","FUEL"
-770,9,"SEA BASE",99460,34.6733617667786,734.25942564943,1.49312789952728,"FUEL","BSA SUPPLY POINT","WATER"
-771,9,NA,4e+05,0,0,0,NA,"OBJ BLUE SUPPLY POINT","WATER"
-771,9,"ANDONG SUPPLY DEPOT",525000,84.7504210574674,4746.02357921817,4.62769668498025,"FUEL","OBJ BLUE SUPPLY POINT","WATER"
-772,9,"SEA BASE",89620,34.6733617667786,244.753141883143,1.49312789952728,"FUEL","BSA SUPPLY POINT","DRY_BULK"
-773,9,NA,750000,0,0,0,NA,"OBJ BLUE SUPPLY POINT","DRY_BULK"
-773,9,"ANDONG SUPPLY DEPOT",204000,65.4168154167723,2965.56229889368,0.475758657576525,"FUEL","OBJ BLUE SUPPLY POINT","DRY_BULK"
-773,9,"ANDONG SUPPLY DEPOT",11400,84.7504210574674,169.500842114935,4.62769668498025,"FUEL","OBJ BLUE SUPPLY POINT","DRY_BULK"
-780,10,"OBJ BLUE SUPPLY POINT",274500,59.3631246174458,1662.16748928848,2.39089670437114,"FUEL","US BDE MECH","FUEL"
-781,10,"OBJ BLUE SUPPLY POINT",127500,187.353076238525,2622.94306733935,7.92574215324929,"FUEL","ALLIED BDE MECH","FUEL"
-781,10,"OBJ BLUE SUPPLY POINT",131750,58.7044485035819,821.862279050146,2.32502909298474,"FUEL","ALLIED BDE MECH","FUEL"
-782,10,"OBJ BLUE SUPPLY POINT",217948,37.0009368866061,888.022485278547,1.95802919647655,"FUEL","ALLIED DIV INF","FUEL"
-783,10,"BSA SUPPLY POINT",89280,59.3834381043385,534.450942939047,2.38734986717096,"FUEL","US MEB","FUEL"
-784,10,"BSA SUPPLY POINT",72540,51.0513393159145,408.410714527316,2.03070281449152,"FUEL","ALLIED MEB","FUEL"
-785,10,"OBJ BLUE SUPPLY POINT",34011.1132691801,37.2718757812954,149.087503125182,1.98512308594548,"FUEL","US BDE STRYKER","FUEL"
-785,10,"OBJ BLUE SUPPLY POINT",45348.8867308199,37.2718757812954,223.631254687773,1.98512308594548,"FUEL","US BDE STRYKER","FUEL"
-786,10,"OBJ BLUE SUPPLY POINT",48960,188.011752352389,1880.11752352389,7.99160976463569,"FUEL","US BDE MECH","DRY_BULK"
-787,10,"OBJ BLUE SUPPLY POINT",46240,187.353076238525,1873.53076238525,7.92574215324929,"FUEL","ALLIED BDE MECH","DRY_BULK"
-788,10,"OBJ BLUE SUPPLY POINT",79304,37.0009368866061,518.013116412486,1.95802919647655,"FUEL","ALLIED DIV INF","DRY_BULK"
-789,10,"BSA SUPPLY POINT",26370,51.0513393159145,255.256696579573,2.03070281449152,"FUEL","ALLIED MEB","DRY_BULK"
-790,10,"BSA SUPPLY POINT",48960,59.3834381043385,475.067504834708,2.38734986717096,"FUEL","US MEB","DRY_BULK"
-791,10,"OBJ BLUE SUPPLY POINT",38000,188.011752352389,752.047009409555,7.99160976463569,"FUEL","US BDE MECH","WATER"
-791,10,"OBJ BLUE SUPPLY POINT",7000,35.1871863537199,187.664993886506,0.255906809845236,"FUEL","US BDE MECH","WATER"
-792,10,"OBJ BLUE SUPPLY POINT",112608,23.4321882062201,1812.08922128102,0.170415914227055,"FUEL","ALLIED DIV INF","WATER"
-793,10,"OBJ BLUE SUPPLY POINT",42500,36.5160877877134,1071.13857510626,0.265571547547006,"FUEL","ALLIED BDE MECH","WATER"
-795,10,"BSA SUPPLY POINT",10000,59.3834381043385,59.3834381043385,2.38734986717096,"FUEL","US MEB","WATER"
-795,10,"BSA SUPPLY POINT",82250,59.3834381043385,593.834381043385,2.79727401611762,"FUEL","US MEB","WATER"
-795,10,"BSA SUPPLY POINT",650,59.3834381043385,263.926391574838,3.02994585273364,"FUEL","US MEB","WATER"
-797,10,"BSA SUPPLY POINT",32100,51.0513393159145,204.205357263658,2.44062696343817,"FUEL","ALLIED MEB","WATER"
-798,10,"SEA BASE",164445.842453831,20.0129257371493,0,0,NA,"BSA SUPPLY POINT","FUEL"
-799,10,"ANDONG SUPPLY DEPOT",798269.746974078,84.7504210574674,7288.53621094219,4.62769668498025,"FUEL","OBJ BLUE SUPPLY POINT","FUEL"
-799,10,"ANDONG SUPPLY DEPOT",40000,84.7504210574674,339.00168422987,4.48748549399272,"FUEL","OBJ BLUE SUPPLY POINT","FUEL"
-800,10,"SEA BASE",520,34.6733617667786,81.5843806277145,1.49312789952728,"FUEL","BSA SUPPLY POINT","WATER"
-801,10,"ANDONG SUPPLY DEPOT",68000,65.4168154167723,2965.56229889368,0.475758657576525,"FUEL","OBJ BLUE SUPPLY POINT","WATER"
-801,10,"ANDONG SUPPLY DEPOT",209000,84.7504210574674,1864.50926326428,4.62769668498025,"FUEL","OBJ BLUE SUPPLY POINT","WATER"
-802,10,"SEA BASE",75330,34.6733617667786,244.753141883143,1.49312789952728,"FUEL","BSA SUPPLY POINT","DRY_BULK"
-810,11,"OBJ BLUE SUPPLY POINT",253150,67.3370724880692,1750.7638846898,2.54217725814206,"FUEL","US BDE MECH","FUEL"
-811,11,"OBJ BLUE SUPPLY POINT",120000,68.7640727204465,825.168872645358,2.6848772813798,"FUEL","ALLIED BDE MECH","FUEL"
-811,11,"OBJ BLUE SUPPLY POINT",81750,44.8780231287419,2513.16929520955,0.326385622754487,"FUEL","ALLIED BDE MECH","FUEL"
-811,11,"OBJ BLUE SUPPLY POINT",33100,68.7640727204465,275.056290881786,3.22579379668549,"FUEL","ALLIED BDE MECH","FUEL"
-812,11,"OBJ BLUE SUPPLY POINT",153985,58.487549236719,1052.77588626094,2.91837695860271,"FUEL","ALLIED DIV INF","FUEL"
-813,11,"BSA SUPPLY POINT",89280,59.3834381043385,534.450942939047,2.38734986717096,"FUEL","US MEB","FUEL"
-814,11,"BSA SUPPLY POINT",72540,51.0513393159145,408.410714527316,2.03070281449152,"FUEL","ALLIED MEB","FUEL"
-815,11,"OBJ BLUE SUPPLY POINT",79360,59.1601152562704,591.601152562704,2.98563356055785,"FUEL","US BDE STRYKER","FUEL"
-816,11,"OBJ BLUE SUPPLY POINT",45152,177.320177927927,1418.56142342341,7.48241799104206,"FUEL","US BDE MECH","DRY_BULK"
-817,11,"OBJ BLUE SUPPLY POINT",41888,178.747178160304,1429.97742528243,7.6251180142798,"FUEL","ALLIED BDE MECH","DRY_BULK"
-818,11,"OBJ BLUE SUPPLY POINT",56030,58.487549236719,584.87549236719,2.91837695860271,"FUEL","ALLIED DIV INF","DRY_BULK"
-819,11,"BSA SUPPLY POINT",26370,51.0513393159145,255.256696579573,2.03070281449152,"FUEL","ALLIED MEB","DRY_BULK"
-820,11,"BSA SUPPLY POINT",48960,59.3834381043385,475.067504834708,2.38734986717096,"FUEL","US MEB","DRY_BULK"
-821,11,"OBJ BLUE SUPPLY POINT",41500,177.320177927927,1063.92106756756,7.48241799104206,"FUEL","US BDE MECH","WATER"
-822,11,"OBJ BLUE SUPPLY POINT",79560,58.487549236719,584.87549236719,2.91837695860271,"FUEL","ALLIED DIV INF","WATER"
-823,11,"OBJ BLUE SUPPLY POINT",38500,178.747178160304,1072.48306896182,7.6251180142798,"FUEL","ALLIED BDE MECH","WATER"
-824,11,"OBJ BLUE SUPPLY POINT",30040,35.4235661441594,283.388529153275,0.257625935593886,"FUEL","US BDE STRYKER","DRY_BULK"
-824,11,"OBJ BLUE SUPPLY POINT",57000,59.1601152562704,591.601152562704,2.98563356055785,"FUEL","US BDE STRYKER","DRY_BULK"
-825,11,"BSA SUPPLY POINT",650,59.3834381043385,263.926391574838,3.02994585273364,"FUEL","US MEB","WATER"
-825,11,"BSA SUPPLY POINT",10000,59.3834381043385,59.3834381043385,2.38734986717096,"FUEL","US MEB","WATER"
-825,11,"BSA SUPPLY POINT",36060,59.3834381043385,237.533752417354,2.79727401611762,"FUEL","US MEB","WATER"
-826,11,"OBJ BLUE SUPPLY POINT",12000,35.4235661441594,283.388529153275,0.257625935593886,"FUEL","US BDE STRYKER","WATER"
-827,11,"BSA SUPPLY POINT",78290,51.0513393159145,510.513393159145,2.44062696343817,"FUEL","ALLIED MEB","WATER"
-828,11,"SEA BASE",164614.535426867,20.0129257371493,0,0,NA,"BSA SUPPLY POINT","FUEL"
-829,11,"ANDONG SUPPLY DEPOT",40000,84.7504210574674,339.00168422987,4.48748549399272,"FUEL","OBJ BLUE SUPPLY POINT","FUEL"
-829,11,"ANDONG SUPPLY DEPOT",805520.315280774,84.7504210574674,7288.53621094219,4.62769668498025,"FUEL","OBJ BLUE SUPPLY POINT","FUEL"
-830,11,"SEA BASE",125000,34.6733617667786,897.428186904859,1.49312789952728,"FUEL","BSA SUPPLY POINT","WATER"
-831,11,"ANDONG SUPPLY DEPOT",209000,84.7504210574674,1864.50926326428,4.62769668498025,"FUEL","OBJ BLUE SUPPLY POINT","WATER"
-831,11,"ANDONG SUPPLY DEPOT",64108,65.4168154167723,2965.56229889368,0.475758657576525,"FUEL","OBJ BLUE SUPPLY POINT","WATER"
-832,11,"SEA BASE",75330,34.6733617667786,244.753141883143,1.49312789952728,"FUEL","BSA SUPPLY POINT","DRY_BULK"
-840,12,"OBJ BLUE SUPPLY POINT",268400,77.6073011398465,2095.39713077585,2.98488596986707,"FUEL","US BDE MECH","FUEL"
-841,12,"OBJ BLUE SUPPLY POINT",77850,84.7689084482222,847.689084482222,3.87842926097393,"FUEL","ALLIED BDE MECH","FUEL"
-841,12,"OBJ BLUE SUPPLY POINT",60000,84.7689084482222,508.613450689333,3.19168995974683,"FUEL","ALLIED BDE MECH","FUEL"
-841,12,"OBJ BLUE SUPPLY POINT",84000,52.5137720046911,2940.7712322627,0.381918341852299,"FUEL","ALLIED BDE MECH","FUEL"
-842,12,"OBJ BLUE SUPPLY POINT",196627,56.963481770756,1253.19659895663,2.76597021200641,"FUEL","ALLIED DIV INF","FUEL"
-843,12,"BSA SUPPLY POINT",89280,59.3834381043385,534.450942939047,2.38734986717096,"FUEL","US MEB","FUEL"
-844,12,"BSA SUPPLY POINT",72540,51.0513393159145,408.410714527316,2.03070281449152,"FUEL","ALLIED MEB","FUEL"
-845,12,"OBJ BLUE SUPPLY POINT",79360,59.0534405130527,590.534405130527,2.97496608623608,"FUEL","US BDE STRYKER","FUEL"
-846,12,"OBJ BLUE SUPPLY POINT",47872,170.710219924403,1707.10219924403,7.32782779034874,"FUEL","US BDE MECH","DRY_BULK"
-847,12,"OBJ BLUE SUPPLY POINT",45152,163.157076938442,1305.25661550754,7.01395600058273,"FUEL","ALLIED BDE MECH","DRY_BULK"
-848,12,"OBJ BLUE SUPPLY POINT",71546,56.963481770756,797.488744790584,2.76597021200641,"FUEL","ALLIED DIV INF","DRY_BULK"
-849,12,"BSA SUPPLY POINT",26370,51.0513393159145,255.256696579573,2.03070281449152,"FUEL","ALLIED MEB","DRY_BULK"
-850,12,"BSA SUPPLY POINT",48960,59.3834381043385,475.067504834708,2.38734986717096,"FUEL","US MEB","DRY_BULK"
-851,12,"OBJ BLUE SUPPLY POINT",44000,170.710219924403,1024.26131954642,7.32782779034874,"FUEL","US BDE MECH","WATER"
-852,12,"OBJ BLUE SUPPLY POINT",101592,56.963481770756,683.561781249072,2.76597021200641,"FUEL","ALLIED DIV INF","WATER"
-853,12,"OBJ BLUE SUPPLY POINT",19000,163.157076938442,326.314153876884,7.01395600058273,"FUEL","ALLIED BDE MECH","WATER"
-854,12,"OBJ BLUE SUPPLY POINT",12000,43.2171678377463,115.245780900657,0.31430667518361,"FUEL","US BDE STRYKER","DRY_BULK"
-854,12,"OBJ BLUE SUPPLY POINT",11400,59.0534405130527,118.106881026105,2.97496608623608,"FUEL","US BDE STRYKER","DRY_BULK"
-855,12,"BSA SUPPLY POINT",650,59.3834381043385,263.926391574838,3.02994585273364,"FUEL","US MEB","WATER"
-855,12,"BSA SUPPLY POINT",36060,59.3834381043385,237.533752417354,2.79727401611762,"FUEL","US MEB","WATER"
-855,12,"BSA SUPPLY POINT",10000,59.3834381043385,59.3834381043385,2.38734986717096,"FUEL","US MEB","WATER"
-857,12,"BSA SUPPLY POINT",39370,51.0513393159145,306.308035895487,2.44062696343817,"FUEL","ALLIED MEB","WATER"
-858,12,"SEA BASE",164564.542834136,20.0129257371493,0,0,NA,"BSA SUPPLY POINT","FUEL"
-859,12,"ANDONG SUPPLY DEPOT",40000,84.7504210574674,339.00168422987,4.48748549399272,"FUEL","OBJ BLUE SUPPLY POINT","FUEL"
-859,12,"ANDONG SUPPLY DEPOT",695666.607563089,84.7504210574674,6271.53115825259,4.62769668498025,"FUEL","OBJ BLUE SUPPLY POINT","FUEL"
-860,12,"SEA BASE",125000,34.6733617667786,897.428186904859,1.49312789952728,"FUEL","BSA SUPPLY POINT","WATER"
-861,12,"ANDONG SUPPLY DEPOT",171560,84.7504210574674,1695.00842114935,4.62769668498025,"FUEL","OBJ BLUE SUPPLY POINT","WATER"
-862,12,"SEA BASE",75330,34.6733617667786,244.753141883143,1.49312789952728,"FUEL","BSA SUPPLY POINT","DRY_BULK"
-863,12,"ANDONG SUPPLY DEPOT",79800,84.7504210574674,1186.50589480454,4.62769668498025,"FUEL","OBJ BLUE SUPPLY POINT","DRY_BULK"
-863,12,"ANDONG SUPPLY DEPOT",204000,65.4168154167723,2965.56229889368,0.475758657576525,"FUEL","OBJ BLUE SUPPLY POINT","DRY_BULK"
-870,13,"OBJ BLUE SUPPLY POINT",268400,86.6186127057327,2338.70254305478,3.37666038549789,"FUEL","US BDE MECH","FUEL"
-871,13,"OBJ BLUE SUPPLY POINT",20000,83.5134471585022,167.026894317004,3.06614383077484,"FUEL","ALLIED BDE MECH","FUEL"
-871,13,"OBJ BLUE SUPPLY POINT",117850,83.5134471585022,1169.18826021903,3.75288313200194,"FUEL","ALLIED BDE MECH","FUEL"
-871,13,"OBJ BLUE SUPPLY POINT",80000,57.614041916705,3072.74890222427,0.419011213939673,"FUEL","ALLIED BDE MECH","FUEL"
-872,13,"OBJ BLUE SUPPLY POINT",196627,91.1184667071571,2004.60626755746,4.63418584838391,"FUEL","ALLIED DIV INF","FUEL"
-873,13,"BSA SUPPLY POINT",89280,59.3834381043385,534.450942939047,2.38734986717096,"FUEL","US MEB","FUEL"
-874,13,"BSA SUPPLY POINT",72540,51.0513393159145,408.410714527316,2.03070281449152,"FUEL","ALLIED MEB","FUEL"
-875,13,"OBJ BLUE SUPPLY POINT",79360,90.3786808527885,903.786808527885,4.56020726294706,"FUEL","US BDE STRYKER","FUEL"
-876,13,"OBJ BLUE SUPPLY POINT",47872,165.006781195953,1650.06781195953,7.19892642633379,"FUEL","US BDE MECH","DRY_BULK"
-877,13,"OBJ BLUE SUPPLY POINT",45152,161.901615648722,1295.21292518978,6.88840987161074,"FUEL","ALLIED BDE MECH","DRY_BULK"
-878,13,"OBJ BLUE SUPPLY POINT",71546,91.1184667071571,1275.6585339002,4.63418584838391,"FUEL","ALLIED DIV INF","DRY_BULK"
-879,13,"BSA SUPPLY POINT",26370,51.0513393159145,255.256696579573,2.03070281449152,"FUEL","ALLIED MEB","DRY_BULK"
-880,13,"BSA SUPPLY POINT",48960,59.3834381043385,475.067504834708,2.38734986717096,"FUEL","US MEB","DRY_BULK"
-885,13,"BSA SUPPLY POINT",10000,59.3834381043385,59.3834381043385,2.38734986717096,"FUEL","US MEB","WATER"
-885,13,"BSA SUPPLY POINT",36060,59.3834381043385,237.533752417354,2.79727401611762,"FUEL","US MEB","WATER"
-885,13,"BSA SUPPLY POINT",650,59.3834381043385,263.926391574838,3.02994585273364,"FUEL","US MEB","WATER"
-887,13,"BSA SUPPLY POINT",37440,51.0513393159145,204.205357263658,2.44062696343817,"FUEL","ALLIED MEB","WATER"
-888,13,"SEA BASE",164360.337476873,20.0129257371493,0,0,NA,"BSA SUPPLY POINT","FUEL"
-889,13,"ANDONG SUPPLY DEPOT",740550.539378439,84.7504210574674,6610.53284248246,4.62769668498025,"FUEL","OBJ BLUE SUPPLY POINT","FUEL"
-889,13,"ANDONG SUPPLY DEPOT",40000,84.7504210574674,339.00168422987,4.48748549399272,"FUEL","OBJ BLUE SUPPLY POINT","FUEL"
-890,13,"SEA BASE",86080,34.6733617667786,652.675045021716,1.49312789952728,"FUEL","BSA SUPPLY POINT","WATER"
-891,13,"ANDONG SUPPLY DEPOT",164592,84.7504210574674,1525.50757903441,4.62769668498025,"FUEL","OBJ BLUE SUPPLY POINT","WATER"
-892,13,"SEA BASE",75330,34.6733617667786,244.753141883143,1.49312789952728,"FUEL","BSA SUPPLY POINT","DRY_BULK"
-893,13,"ANDONG SUPPLY DEPOT",204000,65.4168154167723,2965.56229889368,0.475758657576525,"FUEL","OBJ BLUE SUPPLY POINT","DRY_BULK"
-893,13,"ANDONG SUPPLY DEPOT",68400,84.7504210574674,1017.00505268961,4.62769668498025,"FUEL","OBJ BLUE SUPPLY POINT","DRY_BULK"
-900,14,"OBJ BLUE SUPPLY POINT",268400,99.352157921487,2682.50826388015,3.66971365179558,"FUEL","US BDE MECH","FUEL"
-901,14,"OBJ BLUE SUPPLY POINT",137850,96.4349855157864,1542.95976825258,4.19544254648965,"FUEL","ALLIED BDE MECH","FUEL"
-901,14,"OBJ BLUE SUPPLY POINT",64000,69.1661288173458,2951.08816287342,0.503026391398879,"FUEL","ALLIED BDE MECH","FUEL"
-902,14,"OBJ BLUE SUPPLY POINT",196627,82.616477268551,1817.56249990812,3.7839869045233,"FUEL","ALLIED DIV INF","FUEL"
-903,14,"BSA SUPPLY POINT",89280,59.3834381043385,534.450942939047,2.38734986717096,"FUEL","US MEB","FUEL"
-904,14,"BSA SUPPLY POINT",72540,51.0513393159145,408.410714527316,2.03070281449152,"FUEL","ALLIED MEB","FUEL"
-905,14,"OBJ BLUE SUPPLY POINT",79360,83.1593402215801,831.593402215801,3.83827319982622,"FUEL","US BDE STRYKER","FUEL"
-906,14,"OBJ BLUE SUPPLY POINT",47872,149.42051237035,1494.2051237035,6.48989396501424,"FUEL","US BDE MECH","DRY_BULK"
-907,14,"OBJ BLUE SUPPLY POINT",45152,146.50333996465,1172.0267197172,6.19817672444418,"FUEL","ALLIED BDE MECH","DRY_BULK"
-908,14,"OBJ BLUE SUPPLY POINT",71546,82.616477268551,1156.63068175971,3.7839869045233,"FUEL","ALLIED DIV INF","DRY_BULK"
-909,14,"BSA SUPPLY POINT",26370,51.0513393159145,255.256696579573,2.03070281449152,"FUEL","ALLIED MEB","DRY_BULK"
-910,14,"BSA SUPPLY POINT",48960,59.3834381043385,475.067504834708,2.38734986717096,"FUEL","US MEB","DRY_BULK"
-911,14,"OBJ BLUE SUPPLY POINT",57000,149.42051237035,896.523074222102,6.48989396501424,"FUEL","US BDE MECH","WATER"
-915,14,"BSA SUPPLY POINT",10000,59.3834381043385,59.3834381043385,2.38734986717096,"FUEL","US MEB","WATER"
-915,14,"BSA SUPPLY POINT",36060,59.3834381043385,237.533752417354,2.79727401611762,"FUEL","US MEB","WATER"
-915,14,"BSA SUPPLY POINT",650,59.3834381043385,263.926391574838,3.02994585273364,"FUEL","US MEB","WATER"
-917,14,"BSA SUPPLY POINT",37440,51.0513393159145,204.205357263658,2.44062696343817,"FUEL","ALLIED MEB","WATER"
-918,14,"SEA BASE",33493.1524392589,20.0129257371493,0,0,NA,"BSA SUPPLY POINT","FUEL"
-919,14,"ANDONG SUPPLY DEPOT",40000,84.7504210574674,339.00168422987,4.48748549399272,"FUEL","OBJ BLUE SUPPLY POINT","FUEL"
-919,14,"ANDONG SUPPLY DEPOT",736113.99894695,84.7504210574674,6610.53284248246,4.62769668498025,"FUEL","OBJ BLUE SUPPLY POINT","FUEL"
-922,14,"ANDONG SUPPLY DEPOT",204000,65.4168154167723,2965.56229889368,0.475758657576525,"FUEL","OBJ BLUE SUPPLY POINT","DRY_BULK"
-922,14,"ANDONG SUPPLY DEPOT",171000,84.7504210574674,2542.51263172402,4.62769668498025,"FUEL","OBJ BLUE SUPPLY POINT","DRY_BULK"
-929,15,"OBJ BLUE SUPPLY POINT",260000,107.351333054182,2791.13465940873,3.78521547163099,"FUEL","US BDE MECH","FUEL"
-929,15,"OBJ BLUE SUPPLY POINT",8400,107.351333054182,214.702666108364,4.69391703268633,"FUEL","US BDE MECH","FUEL"
-930,15,"OBJ BLUE SUPPLY POINT",137850,106.263774492225,1700.2203918756,4.58516117649063,"FUEL","ALLIED BDE MECH","FUEL"
-930,15,"OBJ BLUE SUPPLY POINT",60000,76.4680399315687,3058.72159726275,0.556131199502318,"FUEL","ALLIED BDE MECH","FUEL"
-931,15,"OBJ BLUE SUPPLY POINT",196627,87.1330377028243,1916.92682946213,4.23564294795063,"FUEL","ALLIED DIV INF","FUEL"
-932,15,"BSA SUPPLY POINT",89280,59.3834381043385,534.450942939047,2.38734986717096,"FUEL","US MEB","FUEL"
-933,15,"BSA SUPPLY POINT",72540,51.0513393159145,408.410714527316,2.03070281449152,"FUEL","ALLIED MEB","FUEL"
-934,15,"OBJ BLUE SUPPLY POINT",79360,87.3567711167959,873.567711167959,4.25801628934779,"FUEL","US BDE STRYKER","FUEL"
-935,15,"OBJ BLUE SUPPLY POINT",47872,137.647678581616,1376.47678581616,5.90577085378369,"FUEL","US BDE MECH","DRY_BULK"
-936,15,"OBJ BLUE SUPPLY POINT",45152,136.560120019659,1092.48096015727,5.79701499758799,"FUEL","ALLIED BDE MECH","DRY_BULK"
-937,15,"OBJ BLUE SUPPLY POINT",71546,87.1330377028243,1219.86252783954,4.23564294795063,"FUEL","ALLIED DIV INF","DRY_BULK"
-938,15,"BSA SUPPLY POINT",26370,51.0513393159145,255.256696579573,2.03070281449152,"FUEL","ALLIED MEB","DRY_BULK"
-939,15,"BSA SUPPLY POINT",48960,59.3834381043385,475.067504834708,2.38734986717096,"FUEL","US MEB","DRY_BULK"
-940,15,"OBJ BLUE SUPPLY POINT",19000,137.647678581616,275.295357163232,5.90577085378369,"FUEL","US BDE MECH","WATER"
-944,15,"BSA SUPPLY POINT",36060,59.3834381043385,237.533752417354,2.79727401611762,"FUEL","US MEB","WATER"
-944,15,"BSA SUPPLY POINT",650,59.3834381043385,263.926391574838,3.02994585273364,"FUEL","US MEB","WATER"
-944,15,"BSA SUPPLY POINT",10000,59.3834381043385,59.3834381043385,2.38734986717096,"FUEL","US MEB","WATER"
-946,15,"BSA SUPPLY POINT",37440,51.0513393159145,204.205357263658,2.44062696343817,"FUEL","ALLIED MEB","WATER"
-948,15,"ANDONG SUPPLY DEPOT",720782.097696533,84.7504210574674,6441.03200036752,4.62769668498025,"FUEL","OBJ BLUE SUPPLY POINT","FUEL"
-948,15,"ANDONG SUPPLY DEPOT",40000,84.7504210574674,339.00168422987,4.48748549399272,"FUEL","OBJ BLUE SUPPLY POINT","FUEL"
-950,15,"ANDONG SUPPLY DEPOT",57000,84.7504210574674,508.502526344804,4.62769668498025,"FUEL","OBJ BLUE SUPPLY POINT","WATER"
-952,15,"ANDONG SUPPLY DEPOT",204000,65.4168154167723,2965.56229889368,0.475758657576525,"FUEL","OBJ BLUE SUPPLY POINT","DRY_BULK"
-952,15,"ANDONG SUPPLY DEPOT",148200,84.7504210574674,2203.51094749415,4.62769668498025,"FUEL","OBJ BLUE SUPPLY POINT","DRY_BULK"
-959,16,"OBJ BLUE SUPPLY POINT",240000,116.977517206306,2807.46041295133,4.03773982523055,"FUEL","US BDE MECH","FUEL"
-959,16,"OBJ BLUE SUPPLY POINT",28400,116.977517206306,467.910068825222,5.04112059450093,"FUEL","US BDE MECH","FUEL"
-960,16,"OBJ BLUE SUPPLY POINT",56000,82.1006089203407,3065.08939969272,0.597095337602478,"FUEL","ALLIED BDE MECH","FUEL"
-960,16,"OBJ BLUE SUPPLY POINT",137850,117.489039469047,1879.82463150475,5.09227282077506,"FUEL","ALLIED BDE MECH","FUEL"
-961,16,"OBJ BLUE SUPPLY POINT",196627,118.376714243182,2604.28771335001,5.69919898607153,"FUEL","ALLIED DIV INF","FUEL"
-962,16,"BSA SUPPLY POINT",40421.5308540147,59.3834381043385,296.917190521693,2.38734986717096,"FUEL","US MEB","FUEL"
-964,16,"OBJ BLUE SUPPLY POINT",79360,116.905830714279,1169.05830714279,5.55211063318118,"FUEL","US BDE STRYKER","FUEL"
-965,16,"OBJ BLUE SUPPLY POINT",47872,126.760034287148,1267.60034287148,5.43242127773461,"FUEL","US BDE MECH","DRY_BULK"
-966,16,"OBJ BLUE SUPPLY POINT",45152,127.271556549889,1018.17245239911,5.48357350400874,"FUEL","ALLIED BDE MECH","DRY_BULK"
-967,16,"OBJ BLUE SUPPLY POINT",11400,118.376714243182,236.753428486365,5.69919898607153,"FUEL","ALLIED DIV INF","DRY_BULK"
-978,16,"ANDONG SUPPLY DEPOT",40000,84.7504210574674,339.00168422987,4.48748549399272,"FUEL","OBJ BLUE SUPPLY POINT","FUEL"
-978,16,"ANDONG SUPPLY DEPOT",716756.389486262,84.7504210574674,6441.03200036752,4.62769668498025,"FUEL","OBJ BLUE SUPPLY POINT","FUEL"
-980,16,"ANDONG SUPPLY DEPOT",19000,84.7504210574674,169.500842114935,4.62769668498025,"FUEL","OBJ BLUE SUPPLY POINT","WATER"
-982,16,"ANDONG SUPPLY DEPOT",171000,84.7504210574674,2542.51263172402,4.62769668498025,"FUEL","OBJ BLUE SUPPLY POINT","DRY_BULK"
-982,16,"ANDONG SUPPLY DEPOT",204000,65.4168154167723,2965.56229889368,0.475758657576525,"FUEL","OBJ BLUE SUPPLY POINT","DRY_BULK"
-989,17,"OBJ YELLOW SUPPLY POINT",268400,54.9613606099731,1483.95673646927,1.84145113680906,"FUEL","US BDE MECH","FUEL"
-990,17,"OBJ YELLOW SUPPLY POINT",257022.087271453,57.2357898070624,1602.60211459775,2.55618537974308,"FUEL","ALLIED BDE MECH","FUEL"
-990,17,"OBJ YELLOW SUPPLY POINT",228627.912728547,57.2357898070624,1488.13053498362,2.55618537974308,"FUEL","ALLIED BDE MECH","FUEL"
-991,17,"OBJ YELLOW SUPPLY POINT",115491.5943412,63.1225909107007,883.71627274981,2.70753732722518,"FUEL","ALLIED DIV INF","FUEL"
