Day,UnitName,SupplyType,OnHandAmount,StorageCapacity,PpnStorageFull,PpnStorageEmpty,ThroughputLimit,FlowAmount,PpnFlow,PpnFlowSlack,AverageFuelSpend,AverageDistance,AverageTravelTime
0,"ANDONG SUPPLY DEPOT","WATER",9950000,10000000,0.995,0.005,525000,50000,0.0952380952380952,0.904761904761905,0,0,0
0,"ANDONG SUPPLY DEPOT","DRY_BULK",7864360,8000000,0.983045,0.0169550000000001,440000,135640,0.308272727272727,0.691727272727273,0,0,0
0,"ANDONG SUPPLY DEPOT","FUEL",23431336.9569814,24000000,0.976305706540893,0.0236942934591073,1300000,568663.043018573,0.437433110014287,0.562566889985713,0,0,0
0,"SEA BASE","WATER",1100000,1100000,1,0,125000,0,0,1,0,0,0
0,"SEA BASE","DRY_BULK",1000000,1000000,1,0,110000,0,0,1,0,0,0
0,"SEA BASE","FUEL",2000000,2000000,1,0,230000,0,0,1,0,0,0
0,"BSA SUPPLY POINT","WATER",0,0,,,0,0,,,0,0,0
0,"BSA SUPPLY POINT","DRY_BULK",0,0,,,0,0,,,0,0,0
0,"BSA SUPPLY POINT","FUEL",0,0,,,0,0,,,0,0,0
0,"OBJ BLUE SUPPLY POINT","WATER",0,0,,,0,0,,,0,0,0
0,"OBJ BLUE SUPPLY POINT","DRY_BULK",0,0,,,0,0,,,0,0,0
0,"OBJ BLUE SUPPLY POINT","FUEL",0,0,,,0,0,,,0,0,0
0,"OBJ YELLOW SUPPLY POINT","WATER",0,0,,,0,0,,,0,0,0
0,"OBJ YELLOW SUPPLY POINT","DRY_BULK",0,0,,,0,0,,,0,0,0
0,"OBJ YELLOW SUPPLY POINT","FUEL",0,0,,,0,0,,,0,0,0
1,"ANDONG SUPPLY DEPOT","WATER",9689426.25,10000000,0.968942625,0.0310573750000001,525000,260573.75,0.496330952380952,0.503669047619048,0,0,0
1,"ANDONG SUPPLY DEPOT","DRY_BULK",7623120,8000000,0.95289,0.04711,440000,241240,0.548272727272727,0.451727272727273,0,0,0
1,"ANDONG SUPPLY DEPOT","FUEL",22494437.1181071,24000000,0.937268213254461,0.0627317867455394,1300000,936899.838874369,0.720692183749515,0.279307816250485,0,0,0
1,"SEA BASE","WATER",1100000,1100000,1,0,125000,0,0,1,0,0,0
1,"SEA BASE","DRY_BULK",1000000,1000000,1,0,110000,0,0,1,0,0,0
1,"SEA BASE","FUEL",2000000,2000000,1,0,230000,0,0,1,0,0,0
1,"BSA SUPPLY POINT","WATER",0,0,,,0,0,,,0,0,0
1,"BSA SUPPLY POINT","DRY_BULK",0,0,,,0,0,,,0,0,0
1,"BSA SUPPLY POINT","FUEL",0,0,,,0,0,,,0,0,0
1,"OBJ BLUE SUPPLY POINT","WATER",0,0,,,0,0,,,0,0,0
1,"OBJ BLUE SUPPLY POINT","DRY_BULK",0,0,,,0,0,,,0,0,0
1,"OBJ BLUE SUPPLY POINT","FUEL",0,0,,,0,0,,,0,0,0
1,"OBJ YELLOW SUPPLY POINT","WATER",0,0,,,0,0,,,0,0,0
1,"OBJ YELLOW SUPPLY POINT","DRY_BULK",0,0,,,0,0,,,0,0,0
1,"OBJ YELLOW SUPPLY POINT","FUEL",0,0,,,0,0,,,0,0,0
2,"ANDONG SUPPLY DEPOT","WATER",9422911.25,10000000,0.942291125,0.057708875,525000,266515,0.507647619047619,0.492352380952381,0,0,0
2,"ANDONG SUPPLY DEPOT","DRY_BULK",7381880,8000000,0.922735,0.077265,440000,241240,0.548272727272727,0.451727272727273,0,0,0
2,"ANDONG SUPPLY DEPOT","FUEL",21556190.797898,24000000,0.898174616579082,0.101825383420918,1300000,938246.320209079,0.721727938622368,0.278272061377632,0,0,0
2,"SEA BASE","WATER",1100000,1100000,1,0,125000,0,0,1,0,0,0
2,"SEA BASE","DRY_BULK",1000000,1000000,1,0,110000,0,0,1,0,0,0
2,"SEA BASE","FUEL",2000000,2000000,1,0,230000,0,0,1,0,0,0
2,"BSA SUPPLY POINT","WATER",0,0,,,0,0,,,0,0,0
2,"BSA SUPPLY POINT","DRY_BULK",0,0,,,0,0,,,0,0,0
2,"BSA SUPPLY POINT","FUEL",0,0,,,0,0,,,0,0,0
2,"OBJ BLUE SUPPLY POINT","WATER",0,0,,,0,0,,,0,0,0
2,"OBJ BLUE SUPPLY POINT","DRY_BULK",0,0,,,0,0,,,0,0,0
2,"OBJ BLUE SUPPLY POINT","FUEL",0,0,,,0,0,,,0,0,0
2,"OBJ YELLOW SUPPLY POINT","WATER",0,0,,,0,0,,,0,0,0
2,"OBJ YELLOW SUPPLY POINT","DRY_BULK",0,0,,,0,0,,,0,0,0
2,"OBJ YELLOW SUPPLY POINT","FUEL",0,0,,,0,0,,,0,0,0
3,"ANDONG SUPPLY DEPOT","WATER",9156396.25,10000000,0.915639625,0.084360375,525000,266515,0.507647619047619,0.492352380952381,0,0,0
3,"ANDONG SUPPLY DEPOT","DRY_BULK",7140640,8000000,0.89258,0.10742,440000,241240,0.548272727272727,0.451727272727273,0,0,0
3,"ANDONG SUPPLY DEPOT","FUEL",20615099.2896858,24000000,0.858962470403574,0.141037529596426,1300000,941091.508212192,0.723916544778609,0.276083455221391,0,0,0
3,"SEA BASE","WATER",1092215,1100000,0.992922727272727,0.00707727272727277,125000,7785,0.06228,0.93772,0,0,0
3,"SEA BASE","DRY_BULK",991840,1000000,0.99184,0.00815999999999995,110000,8160,0.0741818181818182,0.925818181818182,0,0,0
3,"SEA BASE","FUEL",1974496.81212815,2000000,0.987248406064077,0.0127515939359231,230000,25503.1878718459,0.110883425529765,0.889116574470235,0,0,0
3,"BSA SUPPLY POINT","WATER",0,0,,,0,0,,,0,0,0
3,"BSA SUPPLY POINT","DRY_BULK",0,0,,,0,0,,,0,0,0
3,"BSA SUPPLY POINT","FUEL",0,0,,,0,0,,,0,0,0
3,"OBJ BLUE SUPPLY POINT","WATER",0,0,,,0,0,,,0,0,0
3,"OBJ BLUE SUPPLY POINT","DRY_BULK",0,0,,,0,0,,,0,0,0
3,"OBJ BLUE SUPPLY POINT","FUEL",0,0,,,0,0,,,0,0,0
3,"OBJ YELLOW SUPPLY POINT","WATER",0,0,,,0,0,,,0,0,0
3,"OBJ YELLOW SUPPLY POINT","DRY_BULK",0,0,,,0,0,,,0,0,0
3,"OBJ YELLOW SUPPLY POINT","FUEL",0,0,,,0,0,,,0,0,0
4,"ANDONG SUPPLY DEPOT","WATER",8889881.25,10000000,0.888988125,0.111011875,525000,266515,0.507647619047619,0.492352380952381,0,0,0
4,"ANDONG SUPPLY DEPOT","DRY_BULK",6899400,8000000,0.862425,0.137575,440000,241240,0.548272727272727,0.451727272727273,0,0,0
4,"ANDONG SUPPLY DEPOT","FUEL",19674007.7814736,24000000,0.819750324228066,0.180249675771934,1300000,941091.508212192,0.723916544778609,0.276083455221391,0,0,0
4,"SEA BASE","WATER",984957.5,1100000,0.895415909090909,0.104584090909091,125000,107257.5,0.85806,0.14194,0,0,0
4,"SEA BASE","DRY_BULK",898925,1000000,0.898925,0.101075,110000,92915,0.844681818181818,0.155318181818182,0,0,0
4,"SEA BASE","FUEL",1744496.81212815,2000000,0.872248406064077,0.127751593935923,230000,230000,1,0,0,0,0
4,"BSA SUPPLY POINT","WATER",175000,375000,0.466666666666667,0.533333333333333,125000,0,0,1,0,0,0
4,"BSA SUPPLY POINT","DRY_BULK",200000,335000,0.597014925373134,0.402985074626866,110000,0,0,1,0,0,0
4,"BSA SUPPLY POINT","FUEL",286739.132055433,500000,0.573478264110866,0.426521735889134,250000,0,0,1,0.00545553019332318,7.5161791576838,0.0546631211467913
4,"OBJ BLUE SUPPLY POINT","WATER",0,0,,,0,0,,,0,0,0
4,"OBJ BLUE SUPPLY POINT","DRY_BULK",0,0,,,0,0,,,0,0,0
4,"OBJ BLUE SUPPLY POINT","FUEL",0,0,,,0,0,,,0,0,0
4,"OBJ YELLOW SUPPLY POINT","WATER",0,0,,,0,0,,,0,0,0
4,"OBJ YELLOW SUPPLY POINT","DRY_BULK",0,0,,,0,0,,,0,0,0
4,"OBJ YELLOW SUPPLY POINT","FUEL",0,0,,,0,0,,,0,0,0
5,"ANDONG SUPPLY DEPOT","WATER",8708676,10000000,0.8708676,0.1291324,525000,181205.25,0.345152857142857,0.654847142857143,0,0,0
5,"ANDONG SUPPLY DEPOT","DRY_BULK",6739368,8000000,0.842421,0.157579,440000,160032,0.363709090909091,0.636290909090909,0,0,0
5,"ANDONG SUPPLY DEPOT","FUEL",19097918.3931069,24000000,0.795746599712788,0.204253400287212,1300000,576089.38836668,0.443145683358985,0.556854316641015,0,0,0
5,"SEA BASE","WATER",859957.5,1100000,0.781779545454545,0.218220454545455,125000,125000,1,0,0,0,0
5,"SEA BASE","DRY_BULK",788925,1000000,0.788925,0.211075,110000,110000,1,0,0,0,0
5,"SEA BASE","FUEL",1520491.72463845,2000000,0.760245862319226,0.239754137680774,230000,224005.087489701,0.973935162998702,0.0260648370012981,0,0,0
5,"BSA SUPPLY POINT","WATER",300000,375000,0.8,0.2,125000,0,0,1,0.0166860159203808,24.4424061333703,0.177762953697238
5,"BSA SUPPLY POINT","DRY_BULK",310000,335000,0.925373134328358,0.0746268656716418,110000,0,0,1,0.00504617416946999,20.8154684490637,0.1513852250841
5,"BSA SUPPLY POINT","FUEL",250000,500000,0.5,0.5,250000,250000,1,-2.22044604925031E-16,0.0174981288827569,61.5663572515068,2.05131554101843
5,"OBJ BLUE SUPPLY POINT","WATER",0,0,,,0,0,,,0,0,0
5,"OBJ BLUE SUPPLY POINT","DRY_BULK",0,0,,,0,0,,,0,0,0
5,"OBJ BLUE SUPPLY POINT","FUEL",0,0,,,0,0,,,0,0,0
5,"OBJ YELLOW SUPPLY POINT","WATER",0,0,,,0,0,,,0,0,0
5,"OBJ YELLOW SUPPLY POINT","DRY_BULK",0,0,,,0,0,,,0,0,0
5,"OBJ YELLOW SUPPLY POINT","FUEL",0,0,,,0,0,,,0,0,0
6,"ANDONG SUPPLY DEPOT","WATER",8467048,10000000,0.8467048,0.1532952,525000,241628,0.46024380952381,0.539756190476191,0,0,0
6,"ANDONG SUPPLY DEPOT","DRY_BULK",6521344,8000000,0.815168,0.184832,440000,218024,0.495509090909091,0.504490909090909,0,0,0
6,"ANDONG SUPPLY DEPOT","FUEL",18252694.1427144,24000000,0.760528922613098,0.239471077386902,1300000,845224.250392546,0.650172500301959,0.349827499698042,0,0,0
6,"SEA BASE","WATER",784957.5,1100000,0.713597727272727,0.286402272727273,125000,75000,0.6,0.4,0,0,0
6,"SEA BASE","DRY_BULK",763925,1000000,0.763925,0.236075,110000,25000,0.227272727272727,0.772727272727273,0,0,0
6,"SEA BASE","FUEL",1269839.04959343,2000000,0.634919524796715,0.365080475203285,2730000,250652.675045022,0.0918141666831581,0.908185833316842,0,0,0
6,"BSA SUPPLY POINT","WATER",250000,375000,0.666666666666667,0.333333333333333,125000,125000,1,0,0.0139645738018425,27.5116928233928,0.572372437446252
6,"BSA SUPPLY POINT","DRY_BULK",225000,335000,0.671641791044776,0.328358208955224,110000,110000,1,0,0.00484808539787428,22.3552343732542,0.300467744466676
6,"BSA SUPPLY POINT","FUEL",258072.964000713,500000,0.516145928001427,0.483854071998573,250000,241927.035999287,0.967708143997146,0.0322918560028537,0.00874906444137844,40.7896414943281,1.02565777050921
6,"OBJ BLUE SUPPLY POINT","WATER",0,0,,,0,0,,,0,0,0
6,"OBJ BLUE SUPPLY POINT","DRY_BULK",0,0,,,0,0,,,0,0,0
6,"OBJ BLUE SUPPLY POINT","FUEL",0,0,,,0,0,,,0,0,0
6,"OBJ YELLOW SUPPLY POINT","WATER",0,0,,,0,0,,,0,0,0
6,"OBJ YELLOW SUPPLY POINT","DRY_BULK",0,0,,,0,0,,,0,0,0
6,"OBJ YELLOW SUPPLY POINT","FUEL",0,0,,,0,0,,,0,0,0
7,"ANDONG SUPPLY DEPOT","WATER",8266940,10000000,0.826694,0.173306,525000,200108,0.381158095238095,0.618841904761905,0,0,0
7,"ANDONG SUPPLY DEPOT","DRY_BULK",6346840,8000000,0.793355,0.206645,440000,174504,0.3966,0.6034,0,0,0
7,"ANDONG SUPPLY DEPOT","FUEL",17406448.6934536,24000000,0.725268695560566,0.274731304439434,1300000,846245.449260775,0.650958037892904,0.349041962107096,0,0,0
7,"SEA BASE","WATER",659957.5,1100000,0.599961363636364,0.400038636363636,125000,125000,1,0,0,0,0
7,"SEA BASE","DRY_BULK",653925,1000000,0.653925,0.346075,110000,110000,1,0,0,0,0
7,"SEA BASE","FUEL",1026688.24788473,2000000,0.513344123942364,0.486655876057636,2730000,243150.801708702,0.0890662277321254,0.910933772267875,0,0,0
7,"BSA SUPPLY POINT","WATER",250000,375000,0.666666666666667,0.333333333333333,125000,125000,1,0,0.0105719996485407,31.0925272950857,1.03275016848677
7,"BSA SUPPLY POINT","DRY_BULK",225000,335000,0.671641791044776,0.328358208955224,110000,110000,1,0,0.00392829930340622,28.3774299878662,0.883546042496307
7,"BSA SUPPLY POINT","FUEL",335176.333303461,500000,0.670352666606922,0.329647333393078,250000,164823.666696539,0.659294666786156,0.340705333213844,0.00451579398523956,30.7367429724602,0.529389081771353
7,"OBJ BLUE SUPPLY POINT","WATER",0,0,,,0,0,,,0,0,0
7,"OBJ BLUE SUPPLY POINT","DRY_BULK",0,0,,,0,0,,,0,0,0
7,"OBJ BLUE SUPPLY POINT","FUEL",0,0,,,0,0,,,0,0,0
7,"OBJ YELLOW SUPPLY POINT","WATER",0,0,,,0,0,,,0,0,0
7,"OBJ YELLOW SUPPLY POINT","DRY_BULK",0,0,,,0,0,,,0,0,0
7,"OBJ YELLOW SUPPLY POINT","FUEL",0,0,,,0,0,,,0,0,0
8,"ANDONG SUPPLY DEPOT","WATER",8123940,10000000,0.812394,0.187606,525000,143000,0.272380952380952,0.727619047619048,0,0,0
8,"ANDONG SUPPLY DEPOT","DRY_BULK",6160936,8000000,0.770117,0.229883,440000,185904,0.422509090909091,0.577490909090909,0,0,0
8,"ANDONG SUPPLY DEPOT","FUEL",16559507.0545157,24000000,0.68997946060482,0.31002053939518,1300000,846941.638937899,0.651493568413769,0.348506431586231,0,0,0
8,"SEA BASE","WATER",534957.5,1100000,0.486325,0.513675,125000,125000,1,0,0,0,0
8,"SEA BASE","DRY_BULK",543925,1000000,0.543925,0.456075,110000,110000,1,0,0,0,0
8,"SEA BASE","FUEL",860640.815478774,2000000,0.430320407739387,0.569679592260613,2730000,166047.432405955,0.0608232353135365,0.939176764686463,0,0,0
8,"BSA SUPPLY POINT","WATER",275540,375000,0.734773333333333,0.265226666666667,125000,99460,0.79568,0.20432,0.00903294263626398,32.7169894746662,1.24160266315202
8,"BSA SUPPLY POINT","DRY_BULK",245380,335000,0.732477611940298,0.267522388059702,110000,89620,0.814727272727273,0.185272727272727,0.00349723156820438,31.1997973188645,1.15681201475732
8,"BSA SUPPLY POINT","FUEL",335487.904847972,500000,0.670975809695944,0.329024190304056,250000,164512.095152028,0.658048380608113,0.341951619391887,0.00302717453985284,27.2016652170452,0.354877382638016
8,"OBJ BLUE SUPPLY POINT","WATER",0,0,,,0,0,,,0,0,0
8,"OBJ BLUE SUPPLY POINT","DRY_BULK",0,0,,,0,0,,,0,0,0
8,"OBJ BLUE SUPPLY POINT","FUEL",0,0,,,0,0,,,0,0,0
8,"OBJ YELLOW SUPPLY POINT","WATER",0,0,,,0,0,,,0,0,0
8,"OBJ YELLOW SUPPLY POINT","DRY_BULK",0,0,,,0,0,,,0,0,0
8,"OBJ YELLOW SUPPLY POINT","FUEL",0,0,,,0,0,,,0,0,0
9,"ANDONG SUPPLY DEPOT","WATER",7598940,10000000,0.759894,0.240106,525000,525000,1,0,0,0,0
9,"ANDONG SUPPLY DEPOT","DRY_BULK",5945536,8000000,0.743192,0.256808,440000,215400,0.489545454545455,0.510454545454545,0,0,0
9,"ANDONG SUPPLY DEPOT","FUEL",16047049.4450584,24000000,0.668627060210765,0.331372939789235,1300000,512457.60945733,0.394198161121023,0.605801838878977,0,0,0
9,"SEA BASE","WATER",435497.5,1100000,0.395906818181818,0.604093181818182,125000,99460,0.79568,0.20432,0,0,0
9,"SEA BASE","DRY_BULK",454305,1000000,0.454305,0.545695,110000,89620,0.814727272727273,0.185272727272727,0,0,0
9,"SEA BASE","FUEL",695149.707759213,2000000,0.347574853879606,0.652425146120394,2730000,165491.107719561,0.0606194533771285,0.939380546622872,0,0,0
9,"BSA SUPPLY POINT","WATER",374480,375000,0.998613333333333,0.00138666666666665,125000,520,0.00416,0.99584,0.00859458264653586,33.2365920920917,1.30840649782913
9,"BSA SUPPLY POINT","DRY_BULK",259670,335000,0.775134328358209,0.224865671641791,110000,75330,0.684818181818182,0.315181818181818,0.00323278534315207,32.3986298594817,1.27288483638895
9,"BSA SUPPLY POINT","FUEL",335554.157546169,500000,0.671108315092338,0.328891684907662,250000,164445.842453831,0.657783369815324,0.342216630184676,0.0020311608879687,24.8363960303657,0.23811413915832
9,"OBJ BLUE SUPPLY POINT","WATER",650000,1000000,0.65,0.35,275000,275000,1,0,0.00730157473725873,68.4522631618006,3.73775501479174
9,"OBJ BLUE SUPPLY POINT","DRY_BULK",692976,4000000,0.173244,0.826756,440000,272424,0.619145454545455,0.380854545454545,0.00452405731368562,20.6517760284291,0.216184266633168
9,"OBJ BLUE SUPPLY POINT","FUEL",661730.253025922,1500000,0.441153502017282,0.558846497982718,13000000,838269.746974078,0.0644822882287752,0.935517711771225,0.00691599441944202,64.0369853652039,3.48818855461971
9,"OBJ YELLOW SUPPLY POINT","WATER",0,0,,,0,0,,,0,0,0
9,"OBJ YELLOW SUPPLY POINT","DRY_BULK",0,0,,,0,0,,,0,0,0
9,"OBJ YELLOW SUPPLY POINT","FUEL",0,0,,,0,0,,,0,0,0
10,"ANDONG SUPPLY DEPOT","WATER",7321940,10000000,0.732194,0.267806,525000,277000,0.527619047619048,0.472380952380952,0,0,0
10,"ANDONG SUPPLY DEPOT","DRY_BULK",5945536,8000000,0.743192,0.256808,440000,0,0,1,0,0,0
10,"ANDONG SUPPLY DEPOT","FUEL",15196322.0886269,24000000,0.633180087026123,0.366819912973877,1300000,850727.356431408,0.65440565879339,0.34559434120661,0,0,0
10,"SEA BASE","WATER",434977.5,1100000,0.395434090909091,0.604565909090909,125000,520,0.00416,0.99584,0,0,0
10,"SEA BASE","DRY_BULK",378975,1000000,0.378975,0.621025,110000,75330,0.684818181818182,0.315181818181818,0,0,0
10,"SEA BASE","FUEL",530377.527782871,2000000,0.265188763891436,0.734811236108564,2730000,164772.179976342,0.0603561098814439,0.939643890118556,0,0,0
10,"BSA SUPPLY POINT","WATER",250000,375000,0.666666666666667,0.333333333333333,125000,125000,1,0,0.00890304343714192,33.2395805730151,1.30879071834466
10,"BSA SUPPLY POINT","DRY_BULK",259670,335000,0.775134328358209,0.224865671641791,110000,75330,0.684818181818182,0.315181818181818,0.00323751219640234,33.0585272468452,1.33677712254526
10,"BSA SUPPLY POINT","FUEL",335385.464573133,500000,0.670770929146266,0.329229070853734,250000,164614.535426867,0.658458141707467,0.341541858292533,0.00136312896120613,23.2499967585277,0.159800378730203
10,"OBJ BLUE SUPPLY POINT","WATER",652000,1000000,0.652,0.348,275000,275000,1,0,0.0114414128190852,71.6875513525755,3.59149239896451
10,"OBJ BLUE SUPPLY POINT","DRY_BULK",474952,4000000,0.118738,0.881262,440000,218024,0.495509090909091,0.504490909090909,0.00452405731368562,20.6517760284291,0.216184266633168
10,"OBJ BLUE SUPPLY POINT","FUEL",660927.911168031,1500000,0.440618607445354,0.559381392554646,13000000,839072.088831969,0.0645440068332284,0.935455993166772,0.00909914490258699,84.7504210574674,4.62100618033095
10,"OBJ YELLOW SUPPLY POINT","WATER",0,0,,,0,0,,,0,0,0
10,"OBJ YELLOW SUPPLY POINT","DRY_BULK",0,0,,,0,0,,,0,0,0
10,"OBJ YELLOW SUPPLY POINT","FUEL",0,0,,,0,0,,,0,0,0
11,"ANDONG SUPPLY DEPOT","WATER",7044940,10000000,0.704494,0.295506,525000,277000,0.527619047619048,0.472380952380952,0,0,0
11,"ANDONG SUPPLY DEPOT","DRY_BULK",5945536,8000000,0.743192,0.256808,440000,0,0,1,0,0,0
11,"ANDONG SUPPLY DEPOT","FUEL",14344792.3903376,24000000,0.597699682930735,0.402300317069265,1300000,851529.698289299,0.655022844837923,0.344977155162078,0,0,0
11,"SEA BASE","WATER",309977.5,1100000,0.281797727272727,0.718202272727273,125000,125000,1,0,0,0,0
11,"SEA BASE","DRY_BULK",303645,1000000,0.303645,0.696355,110000,75330,0.684818181818182,0.315181818181818,0,0,0
11,"SEA BASE","FUEL",363233.876556545,2000000,0.181616938278273,0.818383061721727,2730000,167143.651226326,0.0612247806689839,0.938775219331016,0,0,0
11,"BSA SUPPLY POINT","WATER",250000,375000,0.666666666666667,0.333333333333333,125000,125000,1,0,0.0080412344661904,33.9564711698969,1.40095930893597
11,"BSA SUPPLY POINT","DRY_BULK",259670,335000,0.775134328358209,0.224865671641791,110000,75330,0.684818181818182,0.315181818181818,0.00324086779438499,33.5269890806596,1.38213432218348
11,"BSA SUPPLY POINT","FUEL",335435.457165864,500000,0.670870914331727,0.329129085668273,250000,164564.542834136,0.658258171336545,0.341741828663455,0.00482890339011645,28.8559989973278,0.814129209266858
11,"OBJ BLUE SUPPLY POINT","WATER",709392,1000000,0.709392,0.290608,275000,219608,0.798574545454545,0.201425454545455,0.013971964150202,73.9534015826055,3.52024682936228
11,"OBJ BLUE SUPPLY POINT","DRY_BULK",288362,4000000,0.0720905,0.9279095,440000,186590,0.424068181818182,0.575931818181818,0.00452405731368562,20.6517760284291,0.216184266633168
11,"OBJ BLUE SUPPLY POINT","FUEL",769450.264324001,1500000,0.512966842882667,0.487033157117333,13000000,730549.735675999,0.0561961335135384,0.943803866486462,0.0090904440711286,84.7504210574674,4.62101257795995
11,"OBJ YELLOW SUPPLY POINT","WATER",0,0,,,0,0,,,0,0,0
11,"OBJ YELLOW SUPPLY POINT","DRY_BULK",0,0,,,0,0,,,0,0,0
11,"OBJ YELLOW SUPPLY POINT","FUEL",0,0,,,0,0,,,0,0,0
12,"ANDONG SUPPLY DEPOT","WATER",6754332,10000000,0.6754332,0.3245668,525000,290608,0.553539047619048,0.446460952380952,0,0,0
12,"ANDONG SUPPLY DEPOT","DRY_BULK",5730136,8000000,0.716267,0.283733,440000,215400,0.489545454545455,0.510454545454545,0,0,0
12,"ANDONG SUPPLY DEPOT","FUEL",13601785.0452043,24000000,0.56674104355018,0.43325895644982,1300000,743007.345133329,0.571544111641022,0.428455888358978,0,0,0
12,"SEA BASE","WATER",184977.5,1100000,0.168161363636364,0.831838636363636,125000,125000,1,0,0,0,0
12,"SEA BASE","DRY_BULK",228315,1000000,0.228315,0.771685,110000,75330,0.684818181818182,0.315181818181818,0,0,0
12,"SEA BASE","FUEL",196140.21792295,2000000,0.0980701089614748,0.901929891038525,2730000,167093.658633596,0.0612064683639544,0.938793531636046,0,0,0
12,"BSA SUPPLY POINT","WATER",288920,375000,0.770453333333333,0.229546666666667,125000,86080,0.68864,0.31136,0.00766837650769344,34.2666308148166,1.44083565471998
12,"BSA SUPPLY POINT","DRY_BULK",259670,335000,0.775134328358209,0.224865671641791,110000,75330,0.684818181818182,0.315181818181818,0.0032432499368432,33.8595506181701,1.4143334448442
12,"BSA SUPPLY POINT","FUEL",335639.662523127,500000,0.671279325046255,0.328720674953745,250000,164360.337476873,0.657441349907491,0.342558650092509,0.00659349875239909,31.7082591785543,1.14704310927409
12,"OBJ BLUE SUPPLY POINT","WATER",771388,1000000,0.771388,0.228612,275000,228612,0.831316363636364,0.168683636363636,0.0126236130662791,77.0911018181562,3.84208061700371
12,"OBJ BLUE SUPPLY POINT","DRY_BULK",295672,4000000,0.073918,0.926082,440000,208090,0.472931818181818,0.527068181818182,0.011554545281268,52.2933763718083,0.447295225515731
12,"OBJ BLUE SUPPLY POINT","FUEL",691416.923298977,1500000,0.460944615532651,0.539055384467349,13000000,808583.076701023,0.062198698207771,0.937801301792229,0.00904871019680205,84.7504210574674,4.62001966127383
12,"OBJ YELLOW SUPPLY POINT","WATER",0,0,,,0,0,,,0,0,0
12,"OBJ YELLOW SUPPLY POINT","DRY_BULK",0,0,,,0,0,,,0,0,0
12,"OBJ YELLOW SUPPLY POINT","FUEL",0,0,,,0,0,,,0,0,0
13,"ANDONG SUPPLY DEPOT","WATER",6525720,10000000,0.652572,0.347428,525000,228612,0.435451428571429,0.564548571428571,0,0,0
13,"ANDONG SUPPLY DEPOT","DRY_BULK",5526136,8000000,0.690767,0.309233,440000,204000,0.463636363636364,0.536363636363636,0,0,0
13,"ANDONG SUPPLY DEPOT","FUEL",12780744.359046,24000000,0.532531014960249,0.467468985039751,1300000,821040.686158353,0.631569758583349,0.368430241416651,0,0,0
13,"SEA BASE","WATER",98897.5,1100000,0.0899068181818182,0.910093181818182,125000,86080,0.68864,0.31136,0,0,0
13,"SEA BASE","DRY_BULK",152985,1000000,0.152985,0.847015,110000,75330,0.684818181818182,0.315181818181818,0,0,0
13,"SEA BASE","FUEL",30882.452259172,2000000,0.015441226129586,0.984558773870414,2730000,165257.765663778,0.0605339800966218,0.939466019903378,0,0,0
13,"BSA SUPPLY POINT","WATER",290850,375000,0.7756,0.2244,125000,84150,0.6732,0.3268,0.00764286918515421,34.3870069549057,1.45631207360605
13,"BSA SUPPLY POINT","DRY_BULK",259670,335000,0.775134328358209,0.224865671641791,110000,75330,0.684818181818182,0.315181818181818,0.00324494102222366,34.0956363955979,1.43719163512909
13,"BSA SUPPLY POINT","FUEL",335741.765201759,500000,0.671483530403518,0.328516469596482,250000,164258.234798241,0.657032939192963,0.342967060807037,0.00442607939220378,27.8637612758865,0.769986324192466
13,"OBJ BLUE SUPPLY POINT","WATER",876000,1000000,0.876,0.124,275000,124000,0.450909090909091,0.549090909090909,0.011941214583465,78.8421141080936,4.02168187753596
13,"OBJ BLUE SUPPLY POINT","DRY_BULK",335102,4000000,0.0837755,0.9162245,440000,164570,0.374022727272727,0.625977272727273,0.0133702165142508,60.2825306149123,0.464622905268171
13,"OBJ BLUE SUPPLY POINT","FUEL",688663.507924789,1500000,0.459109005283193,0.540890994716807,13000000,811336.492075211,0.0624104993904009,0.937589500609599,0.009013960866803,84.7504210574674,4.62076054223734
13,"OBJ YELLOW SUPPLY POINT","WATER",0,0,,,0,0,,,0,0,0
13,"OBJ YELLOW SUPPLY POINT","DRY_BULK",0,0,,,0,0,,,0,0,0
13,"OBJ YELLOW SUPPLY POINT","FUEL",0,0,,,0,0,,,0,0,0
14,"ANDONG SUPPLY DEPOT","WATER",6401720,10000000,0.640172,0.359828,525000,124000,0.236190476190476,0.763809523809524,0,0,0
14,"ANDONG SUPPLY DEPOT","DRY_BULK",5253736,8000000,0.656717,0.343283,440000,272400,0.619090909090909,0.380909090909091,0,0,0
14,"ANDONG SUPPLY DEPOT","FUEL",11956950.2575134,24000000,0.498206260729726,0.501793739270274,1300000,823794.101532541,0.633687770409647,0.366312229590353,0,0,0
14,"SEA BASE","WATER",98897.5,1100000,0.0899068181818182,0.910093181818182,125000,0,0,1,0,0,0
14,"SEA BASE","DRY_BULK",152985,1000000,0.152985,0.847015,110000,0,0,1,0,0,0
14,"SEA BASE","FUEL",0,2000000,0,1,2730000,30882.452259172,0.0113122535747883,0.988687746425212,0,0,0
14,"BSA SUPPLY POINT","WATER",206700,375000,0.5512,0.4488,125000,84150,0.6732,0.3268,0.00764286918515421,34.3870069549057,1.45631207360605
14,"BSA SUPPLY POINT","DRY_BULK",184340,335000,0.550268656716418,0.449731343283582,110000,75330,0.684818181818182,0.315181818181818,0.00324494102222366,34.0956363955979,1.43719163512909
14,"BSA SUPPLY POINT","FUEL",202039.645140179,500000,0.404079290280359,0.595920709719641,250000,164258.234798241,0.657032939192963,0.342967060807037,0.00537190234015304,28.8936330803344,0.87935296325704
14,"OBJ BLUE SUPPLY POINT","WATER",876000,1000000,0.876,0.124,275000,124000,0.450909090909091,0.549090909090909,0.0116470098699199,79.5747441698159,4.09682771365905
14,"OBJ BLUE SUPPLY POINT","DRY_BULK",442932,4000000,0.110733,0.889267,440000,164570,0.374022727272727,0.625977272727273,0.0140446373195111,64.8846172661152,0.850433174767276
14,"OBJ BLUE SUPPLY POINT","FUEL",687892.323760697,1500000,0.458594882507131,0.541405117492869,13000000,812107.676239303,0.0624698212491772,0.937530178750823,0.00898337037977893,84.7504210574674,4.62078408127725
14,"OBJ YELLOW SUPPLY POINT","WATER",0,0,,,0,0,,,0,0,0
14,"OBJ YELLOW SUPPLY POINT","DRY_BULK",0,0,,,0,0,,,0,0,0
14,"OBJ YELLOW SUPPLY POINT","FUEL",0,0,,,0,0,,,0,0,0
15,"ANDONG SUPPLY DEPOT","WATER",6277720,10000000,0.627772,0.372228,525000,124000,0.236190476190476,0.763809523809524,0,0,0
15,"ANDONG SUPPLY DEPOT","DRY_BULK",4981336,8000000,0.622667,0.377333,440000,272400,0.619090909090909,0.380909090909091,0,0,0
15,"ANDONG SUPPLY DEPOT","FUEL",11132384.9718168,24000000,0.4638493738257,0.5361506261743,1300000,824565.285696633,0.63428098899741,0.36571901100259,0,0,0
15,"SEA BASE","WATER",98897.5,1100000,0.0899068181818182,0.910093181818182,125000,0,0,1,0,0,0
15,"SEA BASE","DRY_BULK",152985,1000000,0.152985,0.847015,110000,0,0,1,0,0,0
15,"SEA BASE","FUEL",0,2000000,0,1,2730000,0,0,1,0,0,0
15,"BSA SUPPLY POINT","WATER",122550,375000,0.3268,0.6732,125000,84150,0.6732,0.3268,0.00764286918515421,34.3870069549057,1.45631207360605
15,"BSA SUPPLY POINT","DRY_BULK",109010,335000,0.325402985074627,0.674597014925373,110000,75330,0.684818181818182,0.315181818181818,0.00324494102222366,34.0956363955979,1.43719163512909
15,"BSA SUPPLY POINT","FUEL",37781.4103419386,500000,0.0755628206838771,0.924437179316123,250000,164258.234798241,0.657032939192963,0.342967060807037,0.00537190234015304,28.8936330803344,0.87935296325704
15,"OBJ BLUE SUPPLY POINT","WATER",944000,1000000,0.944,0.0560000000000001,275000,56000,0.203636363636364,0.796363636363636,0.0113892865408544,80.2165281038847,4.16265546610288
15,"OBJ BLUE SUPPLY POINT","DRY_BULK",550762,4000000,0.1376905,0.8623095,440000,164570,0.374022727272727,0.625977272727273,0.0142964185653346,66.754860179276,1.02978036591219
15,"OBJ BLUE SUPPLY POINT","FUEL",687831.826497418,1500000,0.458554550998279,0.541445449001721,13000000,812168.173502582,0.062474474884814,0.937525525115186,0.00897483969698925,84.7504210574674,4.62079064554288
15,"OBJ YELLOW SUPPLY POINT","WATER",0,0,,,0,0,,,0,0,0
15,"OBJ YELLOW SUPPLY POINT","DRY_BULK",0,0,,,0,0,,,0,0,0
15,"OBJ YELLOW SUPPLY POINT","FUEL",0,0,,,0,0,,,0,0,0
16,"ANDONG SUPPLY DEPOT","WATER",6221720,10000000,0.622172,0.377828,525000,56000,0.106666666666667,0.893333333333333,0,0,0
16,"ANDONG SUPPLY DEPOT","DRY_BULK",4663336,8000000,0.582917,0.417083,440000,318000,0.722727272727273,0.277272727272727,0,0,0
16,"ANDONG SUPPLY DEPOT","FUEL",10307759.1888569,24000000,0.42948996620237,0.57051003379763,1300000,824625.782959912,0.634327525353778,0.365672474646222,0,0,0
16,"SEA BASE","WATER",98897.5,1100000,0.0899068181818182,0.910093181818182,125000,0,0,1,0,0,0
16,"SEA BASE","DRY_BULK",152985,1000000,0.152985,0.847015,110000,0,0,1,0,0,0
16,"SEA BASE","FUEL",0,2000000,0,1,2730000,0,0,1,0,0,0
16,"BSA SUPPLY POINT","WATER",122550,375000,0.3268,0.6732,125000,0,0,1,0.00764286918515421,34.3870069549057,1.45631207360605
16,"BSA SUPPLY POINT","DRY_BULK",109010,335000,0.325402985074627,0.674597014925373,110000,0,0,1,0.00324494102222366,34.0956363955979,1.43719163512909
16,"BSA SUPPLY POINT","FUEL",0,500000,0,1,250000,37781.4103419386,0.151125641367754,0.848874358632246,0.00537190234015304,28.8936330803344,0.87935296325704
16,"OBJ BLUE SUPPLY POINT","WATER",988000,1000000,0.988,0.012,275000,12000,0.0436363636363636,0.956363636363636,0.0112599890209113,80.4704261092854,4.18869777436002
16,"OBJ BLUE SUPPLY POINT","DRY_BULK",704192,4000000,0.176048,0.823952,440000,164570,0.374022727272727,0.625977272727273,0.0144358186434402,68.5592832345828,1.30754733255986
16,"OBJ BLUE SUPPLY POINT","FUEL",688056.815876473,1500000,0.458704543917649,0.541295456082351,13000000,811943.184123527,0.0624571680095021,0.937542831990498,0.00897417117382158,84.7504210574674,4.62079115996403
16,"OBJ YELLOW SUPPLY POINT","WATER",0,0,,,0,0,,,0,0,0
16,"OBJ YELLOW SUPPLY POINT","DRY_BULK",0,0,,,0,0,,,0,0,0
16,"OBJ YELLOW SUPPLY POINT","FUEL",0,0,,,0,0,,,0,0,0
17,"ANDONG SUPPLY DEPOT","WATER",6209720,10000000,0.620972,0.379028,525000,12000,0.0228571428571429,0.977142857142857,0,0,0
17,"ANDONG SUPPLY DEPOT","DRY_BULK",4322536,8000000,0.540317,0.459683,440000,340800,0.774545454545455,0.225454545454545,0,0,0
17,"ANDONG SUPPLY DEPOT","FUEL",9483358.39527602,24000000,0.395139933136501,0.604860066863499,1300000,824400.793580857,0.634154456600659,0.365845543399341,0,0,0
17,"SEA BASE","WATER",98897.5,1100000,0.0899068181818182,0.910093181818182,125000,0,0,1,0,0,0
17,"SEA BASE","DRY_BULK",152985,1000000,0.152985,0.847015,110000,0,0,1,0,0,0
17,"SEA BASE","FUEL",0,2000000,0,1,2730000,0,0,1,0,0,0
17,"BSA SUPPLY POINT","WATER",122550,375000,0.3268,0.6732,125000,0,0,1,0.00764286918515421,34.3870069549057,1.45631207360605
17,"BSA SUPPLY POINT","DRY_BULK",109010,335000,0.325402985074627,0.674597014925373,110000,0,0,1,0.00324494102222366,34.0956363955979,1.43719163512909
17,"BSA SUPPLY POINT","FUEL",0,500000,0,1,250000,0,0,1,0.00537190234015304,28.8936330803344,0.87935296325704
17,"OBJ BLUE SUPPLY POINT","WATER",750000,1000000,0.75,0.25,275000,250000,0.909090909090909,0.0909090909090909,0.0112943699947753,80.5217860486635,4.19396576128746
17,"OBJ BLUE SUPPLY POINT","DRY_BULK",794992,4000000,0.198748,0.801252,440000,250000,0.568181818181818,0.431818181818182,0.0145141214240835,69.7108057480614,1.49559134088289
17,"OBJ BLUE SUPPLY POINT","FUEL",487127.238639149,1500000,0.324751492426099,0.675248507573901,13000000,1012872.76136085,0.0779132893354501,0.92208671066455,0.00897665791579985,84.7504210574674,4.6207892464437
17,"OBJ YELLOW SUPPLY POINT","WATER",200000,500000,0.4,0.6,300000,300000,1,0,0.0168192070628361,132.713756932807,6.38543761888457
17,"OBJ YELLOW SUPPLY POINT","DRY_BULK",311430,500000,0.62286,0.37714,250000,188570,0.75428,0.24572,0.0202529902396497,101.911241396825,2.99048756169842
17,"OBJ YELLOW SUPPLY POINT","FUEL",691038.986393893,1500000,0.460692657595929,0.539307342404071,875000,808961.013606107,0.924526872692693,0.0754731273073067,0.0167155112502352,158.707448078591,7.67245931585062
18,"ANDONG SUPPLY DEPOT","WATER",6103720,10000000,0.610372,0.389628,525000,106000,0.201904761904762,0.798095238095238,0,0,0
18,"ANDONG SUPPLY DEPOT","DRY_BULK",4322536,8000000,0.540317,0.459683,440000,0,0,1,0,0,0
18,"ANDONG SUPPLY DEPOT","FUEL",8458028.02445784,24000000,0.35241783435241,0.64758216564759,1300000,1025330.37081818,0.788715669860139,0.211284330139861,0,0,0
18,"SEA BASE","WATER",98897.5,1100000,0.0899068181818182,0.910093181818182,125000,0,0,1,0,0,0
18,"SEA BASE","DRY_BULK",152985,1000000,0.152985,0.847015,110000,0,0,1,0,0,0
18,"SEA BASE","FUEL",0,2000000,0,1,2730000,0,0,1,0,0,0
18,"BSA SUPPLY POINT","WATER",122550,375000,0.3268,0.6732,125000,0,0,1,0.00764286918515421,34.3870069549057,1.45631207360605
18,"BSA SUPPLY POINT","DRY_BULK",109010,335000,0.325402985074627,0.674597014925373,110000,0,0,1,0.00324494102222366,34.0956363955979,1.43719163512909
18,"BSA SUPPLY POINT","FUEL",0,500000,0,1,250000,0,0,1,0.00537190234015304,28.8936330803344,0.87935296325704
18,"OBJ BLUE SUPPLY POINT","WATER",581000,1000000,0.581,0.419,275000,275000,1,0,0.0149214969546331,79.0304781783812,3.7871562811635
18,"OBJ BLUE SUPPLY POINT","DRY_BULK",706422,4000000,0.1766055,0.8233945,440000,88570,0.201295454545455,0.798704545454545,0.0145141214240835,69.7108057480614,1.49559134088289
18,"OBJ BLUE SUPPLY POINT","FUEL",1185179.94636433,1500000,0.790119964242887,0.209880035757113,13000000,314820.053635669,0.0242169272027438,0.975783072797256,0.00902798614104122,84.7504210574674,4.62196029958985
18,"OBJ YELLOW SUPPLY POINT","WATER",328000,500000,0.656,0.344,300000,147000,0.49,0.51,0.0189156380479158,147.24140362618,7.0846689611099
18,"OBJ YELLOW SUPPLY POINT","DRY_BULK",335430,500000,0.67086,0.32914,250000,164570,0.65828,0.34172,0.0186426141903843,94.707524597569,2.91600568222435
18,"OBJ YELLOW SUPPLY POINT","FUEL",691276.027017249,1500000,0.460850684678166,0.539149315321834,875000,808723.972982751,0.924255969123144,0.0757440308768564,0.0126793950597198,121.730849166605,5.69272423306633
19,"ANDONG SUPPLY DEPOT","WATER",5684720,10000000,0.568472,0.431528,525000,419000,0.798095238095238,0.201904761904762,0,0,0
19,"ANDONG SUPPLY DEPOT","DRY_BULK",3936136,8000000,0.492017,0.507983,440000,386400,0.878181818181818,0.121818181818182,0,0,0
19,"ANDONG SUPPLY DEPOT","FUEL",8130750.36136485,24000000,0.338781265056869,0.661218734943131,1300000,327277.663092999,0.251752048533076,0.748247951466924,0,0,0
19,"SEA BASE","WATER",98897.5,1100000,0.0899068181818182,0.910093181818182,125000,0,0,1,0,0,0
19,"SEA BASE","DRY_BULK",152985,1000000,0.152985,0.847015,110000,0,0,1,0,0,0
19,"SEA BASE","FUEL",0,2000000,0,1,2730000,0,0,1,0,0,0
19,"BSA SUPPLY POINT","WATER",122550,375000,0.3268,0.6732,125000,0,0,1,0.00764286918515421,34.3870069549057,1.45631207360605
19,"BSA SUPPLY POINT","DRY_BULK",109010,335000,0.325402985074627,0.674597014925373,110000,0,0,1,0.00324494102222366,34.0956363955979,1.43719163512909
19,"BSA SUPPLY POINT","FUEL",0,500000,0,1,250000,0,0,1,0.00537190234015304,28.8936330803344,0.87935296325704
19,"OBJ BLUE SUPPLY POINT","WATER",828000,1000000,0.828,0.172,275000,172000,0.625454545454545,0.374545454545455,0.0120789995447928,81.9249903357931,4.21250221014807
19,"OBJ BLUE SUPPLY POINT","DRY_BULK",928252,4000000,0.232063,0.767937,440000,164570,0.374022727272727,0.625977272727273,0.0145887986178485,71.722384290152,1.88691842379665
19,"OBJ BLUE SUPPLY POINT","FUEL",681365.785396419,1500000,0.454243856930946,0.545756143069054,13000000,818634.214603582,0.062971862661814,0.937028137338186,0.00908569851177075,84.7504210574674,4.61637956958444
19,"OBJ YELLOW SUPPLY POINT","WATER",432000,500000,0.864,0.136,300000,68000,0.226666666666667,0.773333333333333,0.0204999345926715,149.218062567404,7.06443176692874
19,"OBJ YELLOW SUPPLY POINT","DRY_BULK",335430,500000,0.67086,0.32914,250000,164570,0.65828,0.34172,0.0217211837025515,110.822320429175,3.514470834937
19,"OBJ YELLOW SUPPLY POINT","FUEL",691441.953008758,1500000,0.460961302005839,0.539038697994161,875000,808558.046991242,0.924066339418562,0.0759336605814381,0.016709705092517,158.707448078591,7.56987286744305
