ID,Day,OriginatingUnit,SupplyType,RequestedAmount,FilledAmount,UnfilledAmount,OriginationLevel,Priority,FuelExpended
-2720,0,"ALLIED DIV INF","FUEL",473800,473800,0,1,100,384.918640543213
-2721,0,"US BDE MECH","FUEL",762500,762500,0,1,100,691.242382629776
-2722,0,"ALLIED BDE MECH","FUEL",915000,915000,0,1,100,511.613618724042
-2723,0,"US BDE STRYKER","FUEL",189720,189720,0,1,75,43.418596683671
-2724,0,"US BDE MECH","DRY_BULK",136000,136000,0,1,70,51.2031394540575
-2725,0,"ALLIED BDE MECH","DRY_BULK",163200,163200,0,1,70,227.383830544018
-2726,0,"ALLIED DIV INF","DRY_BULK",172400,172400,0,1,70,473.746019130109
-2727,0,"US BDE STRYKER","DRY_BULK",104040,104040,0,1,50,43.418596683671
-2728,0,"US BDE MECH","WATER",125000,125000,0,1,50,102.406278908115
-2729,0,"ALLIED DIV INF","WATER",244800,244800,0,1,50,0
-2730,0,"ALLIED BDE MECH","WATER",150000,150000,0,1,50,113.691915272009
-2731,0,"US BDE STRYKER","WATER",99258.75,99258.75,0,1,25,0
-2732,0,"ANDONG SUPPLY DEPOT","WATER",10000000,10000000,0,2,0,0
-2733,0,"ANDONG SUPPLY DEPOT","DRY_BULK",8000000,8000000,0,2,0,0
-2734,0,"ANDONG SUPPLY DEPOT","FUEL",24000000,24000000,0,2,0,0
-2735,0,"SEA BASE","WATER",1100000,1100000,0,2,0,0
-2736,0,"SEA BASE","DRY_BULK",1000000,1000000,0,2,0,0
-2737,0,"SEA BASE","FUEL",2000000,2000000,0,2,0,0
-2738,0,"ALLIED DIV INF","WATER",5200,5200,0,1,50,0
-2739,0,"US BDE STRYKER","WATER",741.25,741.25,0,1,25,0
-2740,1,"US BDE MECH","FUEL",305000,305000,0,1,100,947.653227113357
-2741,1,"ALLIED BDE MECH","FUEL",305000,305000,0,1,100,1173.53208931158
-2742,1,"ALLIED DIV INF","FUEL",236900,236900,0,1,100,900.580337847085
-2743,1,"US BDE STRYKER","FUEL",84320,84320,0,1,75,228.025020198455
-2744,1,"US BDE MECH","DRY_BULK",54400,54400,0,1,70,296.141633472924
-2745,1,"ALLIED BDE MECH","DRY_BULK",54400,54400,0,1,70,345.156496856348
-2746,1,"ALLIED DIV INF","DRY_BULK",86200,86200,0,1,70,554.203284828975
-2747,1,"US BDE MECH","WATER",50000,50000,0,1,50,177.684980083755
-2748,1,"ALLIED BDE MECH","WATER",50000,50000,0,1,50,207.093898113809
-2749,1,"ALLIED DIV INF","WATER",117200,117200,0,1,50,484.927874225353
-2750,1,"US BDE STRYKER","DRY_BULK",46240,46240,0,1,50,228.025020198455
-2751,1,"US BDE STRYKER","WATER",43373.75,43373.75,0,1,25,136.815012119073
-2752,1,"ANDONG SUPPLY DEPOT","WATER",50000,0,50000,2,0,0
-2753,1,"ANDONG SUPPLY DEPOT","DRY_BULK",135640,0,135640,2,0,0
-2754,1,"ANDONG SUPPLY DEPOT","FUEL",568663.043018576,0,568663.043018576,2,0,0
-2755,2,"US BDE MECH","FUEL",305000,305000,0,1,100,1377.95781256874
-2756,2,"ALLIED BDE MECH","FUEL",305000,305000,0,1,100,1507.43169791455
-2757,2,"ALLIED DIV INF","FUEL",236900,236900,0,1,100,837.251864764641
-2758,2,"US BDE STRYKER","FUEL",84320,84320,0,1,75,352.705898088534
-2759,2,"US BDE MECH","DRY_BULK",54400,54400,0,1,70,444.502520183466
-2760,2,"ALLIED BDE MECH","DRY_BULK",54400,54400,0,1,70,443.362264092515
-2761,2,"ALLIED DIV INF","DRY_BULK",86200,86200,0,1,70,515.231916778241
-2762,2,"US BDE MECH","WATER",50000,50000,0,1,50,266.701512110079
-2763,2,"ALLIED BDE MECH","WATER",50000,50000,0,1,50,266.017358455509
-2764,2,"ALLIED DIV INF","WATER",122400,122400,0,1,50,450.827927180961
-2765,2,"US BDE STRYKER","DRY_BULK",46240,46240,0,1,50,352.705898088534
-2766,2,"US BDE STRYKER","WATER",44115,44115,0,1,25,211.62353885312
-2767,2,"ANDONG SUPPLY DEPOT","WATER",310573.75,0,310573.75,2,0,0
-2768,2,"ANDONG SUPPLY DEPOT","DRY_BULK",376880,0,376880,2,0,0
-2769,2,"ANDONG SUPPLY DEPOT","FUEL",1505562.88189295,0,1505562.88189295,2,0,0
-2770,3,"US BDE MECH","FUEL",305000,305000,0,1,100,1954.98569091561
-2771,3,"ALLIED BDE MECH","FUEL",305000,305000,0,1,100,1997.0023665407
-2772,3,"ALLIED DIV INF","FUEL",236900,236900,0,1,100,1267.19986570774
-2773,3,"ALLIED MEB","FUEL",34800,34800,0,1,75,440.990111629436
-2774,3,"US MEB","FUEL",14880,14880,0,1,75,649.828643424363
-2775,3,"US BDE STRYKER","FUEL",84320,84320,0,1,75,500.972664668203
-2776,3,"US BDE MECH","DRY_BULK",54400,54400,0,1,70,592.419906338064
-2777,3,"ALLIED BDE MECH","DRY_BULK",54400,54400,0,1,70,587.353637217854
-2778,3,"ALLIED DIV INF","DRY_BULK",86200,86200,0,1,70,779.815301973991
-2779,3,"US BDE MECH","WATER",50000,50000,0,1,50,355.451943802839
-2780,3,"ALLIED MEB","DRY_BULK",17580,17580,0,1,50,0
-2781,3,"US MEB","DRY_BULK",8160,8160,0,1,50,162.457160856091
-2782,3,"US BDE STRYKER","DRY_BULK",46240,46240,0,1,50,500.972664668203
-2783,3,"ALLIED DIV INF","WATER",122400,122400,0,1,50,682.338389227242
-2784,3,"ALLIED BDE MECH","WATER",50000,50000,0,1,50,352.412182330712
-2785,3,"US BDE STRYKER","WATER",44115,44115,0,1,25,300.583598800922
-2786,3,"ALLIED MEB","WATER",24960,24960,0,1,25,0
-2787,3,"US MEB","WATER",7785,7785,0,1,25,324.914321712181
-2788,3,"ANDONG SUPPLY DEPOT","DRY_BULK",618120,0,618120,2,0,0
-2789,3,"ANDONG SUPPLY DEPOT","WATER",577088.75,0,577088.75,2,0,0
-2790,3,"ANDONG SUPPLY DEPOT","FUEL",2443809.20210202,0,2443809.20210202,2,0,0
-2791,3,"ALLIED MEB","WATER",40,40,0,1,25,0
-2792,3,"ALLIED MEB","DRY_BULK",7420,7420,0,1,50,0
-2793,4,"US BDE MECH","FUEL",305000,305000,0,1,100,1954.98569091561
-2794,4,"ALLIED BDE MECH","FUEL",305000,305000,0,1,100,1997.0023665407
-2795,4,"ALLIED DIV INF","FUEL",236900,236900,0,1,100,1267.19986570774
-2796,4,"ALLIED MEB","FUEL",60900,60900,0,1,75,2429.97703150663
-2797,4,"US MEB","FUEL",121520,121520,0,1,75,5036.17198653881
-2798,4,"US BDE STRYKER","FUEL",84320,84320,0,1,75,500.972664668203
-2799,4,"US BDE MECH","DRY_BULK",54400,54400,0,1,70,592.419906338064
-2800,4,"ALLIED BDE MECH","DRY_BULK",54400,54400,0,1,70,587.353637217854
-2801,4,"ALLIED DIV INF","DRY_BULK",86200,86200,0,1,70,779.815301973991
-2802,4,"US BDE MECH","WATER",50000,50000,0,1,50,355.451943802839
-2803,4,"ALLIED MEB","DRY_BULK",26275,26275,0,1,50,455.620693407492
-2804,4,"US MEB","DRY_BULK",66640,66640,0,1,50,974.742965136544
-2805,4,"ALLIED DIV INF","WATER",122400,122400,0,1,50,682.338389227242
-2806,4,"ALLIED BDE MECH","WATER",50000,50000,0,1,50,352.412182330712
-2807,4,"US BDE STRYKER","DRY_BULK",46240,46240,0,1,50,500.972664668203
-2808,4,"US MEB","WATER",63577.5,63577.5,0,1,25,2599.31457369745
-2809,4,"US BDE STRYKER","WATER",44115,44115,0,1,25,300.583598800922
-2810,4,"ALLIED MEB","WATER",43680,20000,23680,1,25,759.367822345821
-2811,4,"BSA SUPPLY POINT","FUEL",500000,250000,250000,2,2,0
-2812,4,"BSA SUPPLY POINT","WATER",375000,175000,200000,2,1,0
-2813,4,"BSA SUPPLY POINT","DRY_BULK",335000,200000,135000,2,0,0
-2814,4,"ANDONG SUPPLY DEPOT","WATER",843603.75,0,843603.75,2,0,0
-2815,4,"ANDONG SUPPLY DEPOT","DRY_BULK",859360,0,859360,2,0,0
-2816,4,"ANDONG SUPPLY DEPOT","FUEL",3384900.71031422,0,3384900.71031422,2,0,0
-2817,4,"SEA BASE","WATER",7785,0,7785,3,0,0
-2818,4,"SEA BASE","DRY_BULK",8160,0,8160,3,0,0
-2819,4,"SEA BASE","FUEL",26258.1902376222,0,26258.1902376222,3,0,0
-2820,5,"US BDE MECH","FUEL",198250,198250,0,1,100,1542.68492150784
-2821,5,"ALLIED BDE MECH","FUEL",122000,122000,0,1,100,997.816558864166
-2822,5,"ALLIED DIV INF","FUEL",180044,180044,0,1,100,1170.76564687711
-2823,5,"ALLIED MEB","FUEL",145080,145080,0,1,75,85.1080386442467
-2824,5,"US MEB","FUEL",146320,104808.457215609,41511.5427843909,1,75,26.4347457466853
-2825,5,"US BDE STRYKER","FUEL",68200,68200,0,1,75,457.825558490151
-2826,5,"US BDE MECH","DRY_BULK",35360,35360,0,1,70,587.689493907748
-2827,5,"ALLIED BDE MECH","DRY_BULK",21760,21760,0,1,70,285.090445389762
-2828,5,"ALLIED DIV INF","DRY_BULK",65512,65512,0,1,70,702.459388126264
-2829,5,"US BDE MECH","WATER",32500,32500,0,1,50,293.844746953874
-2830,5,"ALLIED MEB","DRY_BULK",48345,0,48345,1,50,0
-2831,5,"US MEB","DRY_BULK",80240,0,80240,1,50,0
-2832,5,"ALLIED DIV INF","WATER",93024,93024,0,1,50,585.382823438553
-2833,5,"ALLIED BDE MECH","WATER",20000,20000,0,1,50,285.090445389762
-2834,5,"US BDE STRYKER","DRY_BULK",37400,37400,0,1,50,457.825558490151
-2835,5,"US MEB","WATER",76552.5,0,76552.5,1,25,0
-2836,5,"US BDE STRYKER","WATER",35681.25,35681.25,0,1,25,228.912779245075
-2837,5,"ALLIED MEB","WATER",74880,0,74880,1,25,0
-2838,5,"BSA SUPPLY POINT","FUEL",250000,221239.8416418,28760.1583581999,2,2,8760.1583581999
-2839,5,"BSA SUPPLY POINT","WATER",200000,0,200000,2,1,0
-2840,5,"BSA SUPPLY POINT","DRY_BULK",135000,0,135000,2,0,0
-2841,5,"ANDONG SUPPLY DEPOT","WATER",1110118.75,0,1110118.75,2,0,0
-2842,5,"ANDONG SUPPLY DEPOT","DRY_BULK",1100600,0,1100600,2,0,0
-2843,5,"ANDONG SUPPLY DEPOT","FUEL",4325992.21852641,0,4325992.21852641,2,0,0
-2844,5,"SEA BASE","WATER",91362.5,0,91362.5,3,0,0
-2845,5,"SEA BASE","DRY_BULK",101075,0,101075,3,0,0
-2846,5,"SEA BASE","FUEL",220933.385310255,0,220933.385310255,3,0,0
-2847,6,"US BDE MECH","FUEL",274500,274500,0,1,100,2055.90226432591
-2848,6,"ALLIED BDE MECH","FUEL",259250,259250,0,1,100,2041.85927327649
-2849,6,"ALLIED DIV INF","FUEL",217948,217948,0,1,100,2144.33628915548
-2850,6,"ALLIED MEB","FUEL",108810,108810,0,1,75,442.98278681449
-2851,6,"US MEB","FUEL",130791.542784391,130791.542784391,0,1,75,517.954395276556
-2852,6,"US BDE STRYKER","FUEL",79360,79360,0,1,75,929.375808131121
-2853,6,"US BDE MECH","DRY_BULK",48960,48960,0,1,70,734.250808687825
-2854,6,"ALLIED BDE MECH","DRY_BULK",46240,46240,0,1,70,729.235454741605
-2855,6,"ALLIED DIV INF","DRY_BULK",79304,79304,0,1,70,1250.8628353407
-2856,6,"US BDE MECH","WATER",45000,45000,0,1,50,440.550485212695
-2857,6,"ALLIED MEB","DRY_BULK",65925,65925,0,1,50,442.98278681449
-2858,6,"US MEB","DRY_BULK",97920,44075,53845,1,50,258.977197638278
-2859,6,"ALLIED DIV INF","WATER",112608,112608,0,1,50,1072.16814457774
-2860,6,"ALLIED BDE MECH","WATER",42500,42500,0,1,50,437.541272844963
-2861,6,"US BDE STRYKER","DRY_BULK",43520,43520,0,1,50,621.378068333693
-2862,6,"US MEB","WATER",93420,93420,0,1,25,369.96742519754
-2863,6,"US BDE STRYKER","WATER",41520,41520,0,1,25,1708.78968791765
-2864,6,"ALLIED MEB","WATER",93600,31580,62020,1,25,161.084649750724
-2865,6,"BSA SUPPLY POINT","FUEL",278760.1583582,278760.1583582,0,2,2,426.942415725852
-2866,6,"BSA SUPPLY POINT","WATER",200000,125000,75000,2,1,1707.76966290341
-2867,6,"BSA SUPPLY POINT","DRY_BULK",135000,110000,25000,2,0,533.678019657316
-2868,6,"ANDONG SUPPLY DEPOT","WATER",1291324,0,1291324,2,0,0
-2869,6,"ANDONG SUPPLY DEPOT","DRY_BULK",1260632,0,1260632,2,0,0
-2870,6,"ANDONG SUPPLY DEPOT","FUEL",4902081.6068931,0,4902081.6068931,2,0,0
-2871,6,"SEA BASE","WATER",91362.5,0,91362.5,3,0,0
-2872,6,"SEA BASE","DRY_BULK",101075,0,101075,3,0,0
-2873,6,"SEA BASE","FUEL",450933.385310255,0,450933.385310255,3,0,0
-2874,7,"US BDE MECH","FUEL",274500,274500,0,1,100,2333.39847293147
-2875,7,"ALLIED BDE MECH","FUEL",259250,259250,0,1,100,2502.28691839645
-2876,7,"ALLIED DIV INF","FUEL",217948,217948,0,1,100,2100.88306520295
-2877,7,"ALLIED MEB","FUEL",72540,72540,0,1,75,382.387849592605
-2878,7,"US MEB","FUEL",89280,89280,0,1,75,526.445160224486
-2879,7,"US BDE STRYKER","FUEL",79360,79360,0,1,75,952.593342826869
-2880,7,"US BDE MECH","DRY_BULK",48960,48960,0,1,70,833.356597475524
-2881,7,"ALLIED BDE MECH","DRY_BULK",46240,46240,0,1,70,893.673899427303
-2882,7,"ALLIED DIV INF","DRY_BULK",79304,79304,0,1,70,1225.51512136839
-2883,7,"US BDE MECH","WATER",45000,45000,0,1,50,500.013958485314
-2884,7,"ALLIED MEB","DRY_BULK",26370,26370,0,1,50,238.992405995378
-2885,7,"US MEB","DRY_BULK",97920,83630,14290,1,50,818.914693682534
-2886,7,"ALLIED DIV INF","WATER",112608,112608,0,1,50,1730.91171790513
-2887,7,"ALLIED BDE MECH","WATER",42500,42500,0,1,50,2114.81616675541
-2888,7,"US BDE STRYKER","DRY_BULK",43520,0,43520,1,50,0
-2889,7,"US MEB","WATER",46710,46710,0,1,25,292.469533458048
-2890,7,"US BDE STRYKER","WATER",41520,0,41520,1,25,0
-2891,7,"ALLIED MEB","WATER",93600,78290,15310,1,25,430.18633079168
-2892,7,"BSA SUPPLY POINT","FUEL",241795.492025883,241795.492025883,0,2,2,0
-2893,7,"BSA SUPPLY POINT","WATER",200000,125000,75000,2,1,1707.76966290341
-2894,7,"BSA SUPPLY POINT","DRY_BULK",135000,110000,25000,2,0,533.678019657316
-2895,7,"ANDONG SUPPLY DEPOT","WATER",1532952,0,1532952,2,0,0
-2896,7,"ANDONG SUPPLY DEPOT","DRY_BULK",1478656,0,1478656,2,0,0
-2897,7,"ANDONG SUPPLY DEPOT","FUEL",5747305.85728564,0,5747305.85728564,2,0,0
-2898,7,"SEA BASE","WATER",216362.5,0,216362.5,3,0,0
-2899,7,"SEA BASE","DRY_BULK",211075,0,211075,3,0,0
-2900,7,"SEA BASE","FUEL",737361.933766742,0,737361.933766742,3,0,0
-2901,8,"US BDE MECH","FUEL",274500,274500,0,1,100,2579.4008319475
-2902,8,"ALLIED BDE MECH","FUEL",259250,259250,0,1,100,2925.09327494258
-2903,8,"ALLIED DIV INF","FUEL",217948,217948,0,1,100,2219.3581049182
-2904,8,"ALLIED MEB","FUEL",72540,72540,0,1,75,408.410714527316
-2905,8,"US MEB","FUEL",89280,89280,0,1,75,534.450942939047
-2906,8,"US BDE STRYKER","FUEL",79360,79360,0,1,75,812.093066323008
-2907,8,"US BDE MECH","DRY_BULK",48960,48960,0,1,70,921.214582838391
-2908,8,"ALLIED BDE MECH","DRY_BULK",46240,46240,0,1,70,1008.65285342848
-2909,8,"ALLIED DIV INF","DRY_BULK",79304,79304,0,1,70,1294.62556120228
-2910,8,"US BDE MECH","WATER",45000,45000,0,1,50,552.728749703035
-2911,8,"ALLIED MEB","DRY_BULK",26370,26370,0,1,50,255.256696579573
-2912,8,"US MEB","DRY_BULK",63250,63250,0,1,50,593.834381043385
-2913,8,"ALLIED DIV INF","WATER",112608,98000,14608,1,50,3408.05329933137
-2914,8,"ALLIED BDE MECH","WATER",42500,0,42500,1,50,0
-2915,8,"US BDE STRYKER","DRY_BULK",87040,11400,75640,1,50,162.418613264602
-2916,8,"US MEB","WATER",46710,46710,0,1,25,296.917190521693
-2917,8,"US BDE STRYKER","WATER",83040,0,83040,1,25,0
-2918,8,"ALLIED MEB","WATER",52750,52750,0,1,25,306.308035895487
-2919,8,"BSA SUPPLY POINT","FUEL",164509.395973745,164509.395973745,0,2,2,0
-2920,8,"BSA SUPPLY POINT","WATER",200000,125000,75000,2,1,1707.76966290341
-2921,8,"BSA SUPPLY POINT","DRY_BULK",135000,110000,25000,2,0,533.678019657316
-2922,8,"ANDONG SUPPLY DEPOT","WATER",1733060,0,1733060,2,0,0
-2923,8,"ANDONG SUPPLY DEPOT","DRY_BULK",1653160,0,1653160,2,0,0
-2924,8,"ANDONG SUPPLY DEPOT","FUEL",6593551.30654641,0,6593551.30654641,2,0,0
-2925,8,"SEA BASE","WATER",341362.5,0,341362.5,3,0,0
-2926,8,"SEA BASE","DRY_BULK",321075,0,321075,3,0,0
-2927,8,"SEA BASE","FUEL",986234.783315703,0,986234.783315703,3,0,0
-2928,9,"US BDE MECH","FUEL",274500,274500,0,1,100,1387.21363262205
-2929,9,"ALLIED BDE MECH","FUEL",259250,259250,0,1,100,1333.1223706071
-2930,9,"ALLIED DIV INF","FUEL",217948,217948,0,1,100,880.825351978214
-2931,9,"US MEB","FUEL",89280,89280,0,1,75,785.790107709826
-2932,9,"ALLIED MEB","FUEL",72540,72540,0,1,75,457.739470956096
-2933,9,"US BDE STRYKER","FUEL",79360,79360,0,1,75,267.588161635074
-2934,9,"US BDE MECH","DRY_BULK",48960,48960,0,1,70,495.433440222162
-2935,9,"ALLIED BDE MECH","DRY_BULK",46240,46240,0,1,70,493.749026150779
-2936,9,"ALLIED DIV INF","DRY_BULK",79304,79304,0,1,70,513.814788653958
-2937,9,"ALLIED MEB","DRY_BULK",26370,26370,0,1,50,286.08716934756
-2938,9,"US MEB","DRY_BULK",48960,48960,0,1,50,698.480095742068
-2939,9,"US BDE MECH","WATER",45000,45000,0,1,50,297.260064133297
-2940,9,"ALLIED DIV INF","WATER",127216,127216,0,1,50,513.814788653958
-2941,9,"ALLIED BDE MECH","WATER",85000,85000,0,1,50,1146.29253765741
-2942,9,"US BDE STRYKER","DRY_BULK",97920,97920,0,1,50,481.658690943133
-2943,9,"US MEB","WATER",46710,46710,0,1,25,436.550059838792
-2944,9,"US BDE STRYKER","WATER",93420,93420,0,1,25,267.588161635074
-2945,9,"ALLIED MEB","WATER",37440,37440,0,1,25,228.869735478048
-2946,9,"BSA SUPPLY POINT","FUEL",164215.177961506,164215.177961506,0,2,2,0
-2947,9,"OBJ BLUE SUPPLY POINT","FUEL",1500000,1500000,0,2,2,4576.52273710324
-2948,9,"BSA SUPPLY POINT","WATER",174460,125000,49460,2,1,1707.76966290341
-2949,9,"OBJ BLUE SUPPLY POINT","WATER",1000000,840000,160000,2,1,4072.96420975489
-2950,9,"BSA SUPPLY POINT","DRY_BULK",114620,110000,4620,2,0,533.678019657316
-2951,9,"OBJ BLUE SUPPLY POINT","DRY_BULK",4000000,942000,3058000,2,0,2791.11745778228
-2952,9,"ANDONG SUPPLY DEPOT","WATER",1876060,0,1876060,3,0,0
-2953,9,"SEA BASE","WATER",466362.5,0,466362.5,3,0,0
-2954,9,"SEA BASE","DRY_BULK",431075,0,431075,3,0,0
-2955,9,"SEA BASE","FUEL",1156275.81489148,0,1156275.81489148,3,0,0
-2956,9,"ANDONG SUPPLY DEPOT","DRY_BULK",1839064,0,1839064,3,0,0
-2957,9,"ANDONG SUPPLY DEPOT","FUEL",7440492.94548431,0,7440492.94548431,3,0,0
-2958,10,"US BDE MECH","FUEL",274500,274500,0,1,100,1662.16748928848
-2959,10,"ALLIED BDE MECH","FUEL",259250,255750,3500,1,100,3840.52553616778
-2960,10,"ALLIED DIV INF","FUEL",217948,217948,0,1,100,888.022485278547
-2961,10,"US MEB","FUEL",89280,89280,0,1,75,534.450942939047
-2962,10,"ALLIED MEB","FUEL",72540,72540,0,1,75,408.410714527316
-2963,10,"US BDE STRYKER","FUEL",79360,33540.7917660228,45819.2082339772,1,75,149.087503125182
-2964,10,"US BDE MECH","DRY_BULK",48960,0,48960,1,70,0
-2965,10,"ALLIED BDE MECH","DRY_BULK",46240,0,46240,1,70,0
-2966,10,"ALLIED DIV INF","DRY_BULK",79304,0,79304,1,70,0
-2967,10,"ALLIED MEB","DRY_BULK",26370,26370,0,1,50,255.256696579573
-2968,10,"US MEB","DRY_BULK",48960,48960,0,1,50,475.067504834708
-2969,10,"US BDE MECH","WATER",45000,0,45000,1,50,0
-2970,10,"ALLIED DIV INF","WATER",112608,0,112608,1,50,0
-2971,10,"ALLIED BDE MECH","WATER",42500,42500,0,1,50,2789.33040884704
-2972,10,"US BDE STRYKER","DRY_BULK",43520,0,43520,1,50,0
-2973,10,"US MEB","WATER",46710,46710,0,1,25,296.917190521693
-2974,10,"US BDE STRYKER","WATER",41520,0,41520,1,25,0
-2975,10,"ALLIED MEB","WATER",37440,37440,0,1,25,204.205357263658
-2976,10,"BSA SUPPLY POINT","FUEL",164713.516639072,164713.516639072,0,2,2,0
-2977,10,"OBJ BLUE SUPPLY POINT","FUEL",838740.068477235,838740.068477235,0,2,2,7627.53789517206
-2978,10,"BSA SUPPLY POINT","WATER",133610,125000,8610,2,1,1707.76966290341
-2979,10,"OBJ BLUE SUPPLY POINT","WATER",430636,213000,217636,2,1,2038.95410437567
-2980,10,"BSA SUPPLY POINT","DRY_BULK",79950,79950,0,2,0,373.574613760121
-2981,10,"OBJ BLUE SUPPLY POINT","DRY_BULK",3342924,0,3342924,2,0,0
-2982,10,"ANDONG SUPPLY DEPOT","WATER",2401060,0,2401060,3,0,0
-2983,10,"SEA BASE","WATER",591362.5,0,591362.5,3,0,0
-2984,10,"SEA BASE","DRY_BULK",541075,0,541075,3,0,0
-2985,10,"SEA BASE","FUEL",1326016.74409478,0,1326016.74409478,3,0,0
-2986,10,"ANDONG SUPPLY DEPOT","DRY_BULK",2031064,0,2031064,3,0,0
-2987,10,"ANDONG SUPPLY DEPOT","FUEL",7953079.84242661,0,7953079.84242661,3,0,0
-2988,11,"US BDE MECH","FUEL",253150,253150,0,1,100,1750.7638846898
-2989,11,"ALLIED BDE MECH","FUEL",238350,238350,0,1,100,3733.06918708
-2990,11,"ALLIED DIV INF","FUEL",153985,153985,0,1,100,1052.77588626094
-2991,11,"US MEB","FUEL",89280,89280,0,1,75,534.450942939047
-2992,11,"ALLIED MEB","FUEL",72540,72540,0,1,75,408.410714527316
-2993,11,"US BDE STRYKER","FUEL",125179.208233977,125179.208233977,0,1,75,828.241613587786
-2994,11,"US BDE MECH","DRY_BULK",94112,94112,0,1,70,3191.76320270268
-2995,11,"ALLIED BDE MECH","DRY_BULK",88128,88128,0,1,70,2859.95485056487
-2996,11,"ALLIED DIV INF","DRY_BULK",135334,116400,18934,1,70,1071.52906698641
-2997,11,"ALLIED MEB","DRY_BULK",26370,26370,0,1,50,255.256696579573
-2998,11,"US MEB","DRY_BULK",48960,48960,0,1,50,475.067504834708
-2999,11,"US BDE MECH","WATER",86500,0,86500,1,50,0
-3000,11,"ALLIED DIV INF","WATER",192168,0,192168,1,50,0
-3001,11,"ALLIED BDE MECH","WATER",38500,38500,0,1,50,2804.9822796469
-3002,11,"US BDE STRYKER","DRY_BULK",87040,0,87040,1,50,0
-3003,11,"US MEB","WATER",46710,46710,0,1,25,296.917190521693
-3004,11,"US BDE STRYKER","WATER",83040,0,83040,1,25,0
-3005,11,"ALLIED MEB","WATER",37440,37440,0,1,25,204.205357263658
-3006,11,"BSA SUPPLY POINT","FUEL",163994.308406666,163994.308406666,0,2,2,2188.07988059499
-3007,11,"OBJ BLUE SUPPLY POINT","FUEL",789028.594779883,789028.594779883,0,2,2,7119.03536882726
-3008,11,"BSA SUPPLY POINT","WATER",92760,92760,0,2,1,1280.82724717756
-3009,11,"OBJ BLUE SUPPLY POINT","WATER",222636,222636,0,2,1,2034.01010537922
-3010,11,"BSA SUPPLY POINT","DRY_BULK",75330,75330,0,2,0,373.574613760121
-3011,11,"OBJ BLUE SUPPLY POINT","DRY_BULK",3355424,34800,3320624,2,0,513.446525341262
-3012,11,"ANDONG SUPPLY DEPOT","WATER",2656560,0,2656560,3,0,0
-3013,11,"SEA BASE","WATER",716362.5,0,716362.5,3,0,0
-3014,11,"SEA BASE","DRY_BULK",621025,0,621025,3,0,0
-3015,11,"SEA BASE","FUEL",1496105.8753433,0,1496105.8753433,3,0,0
-3016,11,"ANDONG SUPPLY DEPOT","DRY_BULK",2031064,0,2031064,3,0,0
-3017,11,"ANDONG SUPPLY DEPOT","FUEL",8804275.73331224,0,8804275.73331224,3,0,0
-3018,12,"US BDE MECH","FUEL",268400,268400,0,1,100,2095.39713077585
-3019,12,"ALLIED BDE MECH","FUEL",253150,221850,31300,1,100,4297.07376743425
-3020,12,"ALLIED DIV INF","FUEL",196627,196627,0,1,100,1253.19659895663
-3021,12,"US MEB","FUEL",89280,89280,0,1,75,534.450942939047
-3022,12,"ALLIED MEB","FUEL",72540,72540,0,1,75,408.410714527316
-3023,12,"US BDE STRYKER","FUEL",79360,79360,0,1,75,590.534405130527
-3024,12,"US BDE MECH","DRY_BULK",47872,47872,0,1,70,1707.10219924403
-3025,12,"ALLIED BDE MECH","DRY_BULK",45152,45152,0,1,70,1305.25661550754
-3026,12,"ALLIED DIV INF","DRY_BULK",90480,90480,0,1,70,911.415708332096
-3027,12,"ALLIED MEB","DRY_BULK",26370,26370,0,1,50,255.256696579573
-3028,12,"US MEB","DRY_BULK",48960,48960,0,1,50,475.067504834708
-3029,12,"US BDE MECH","WATER",110000,110000,0,1,50,2048.52263909284
-3030,12,"ALLIED DIV INF","WATER",203184,23000,180184,1,50,229.603662705307
-3031,12,"ALLIED BDE MECH","WATER",41500,0,41500,1,50,0
-3032,12,"US BDE STRYKER","DRY_BULK",97920,0,97920,1,50,0
-3033,12,"US MEB","WATER",46710,46710,0,1,25,296.917190521693
-3034,12,"US BDE STRYKER","WATER",93420,0,93420,1,25,0
-3035,12,"ALLIED MEB","WATER",37440,37440,0,1,25,204.205357263658
-3036,12,"BSA SUPPLY POINT","FUEL",163994.308406666,163994.308406666,0,2,2,2188.07988059499
-3037,12,"OBJ BLUE SUPPLY POINT","FUEL",785902.305925849,785902.305925849,0,2,2,7119.03536882726
-3038,12,"BSA SUPPLY POINT","WATER",84150,84150,0,2,1,1174.09164324609
-3039,12,"OBJ BLUE SUPPLY POINT","WATER",5000,5000,0,2,1,169.500842114935
-3040,12,"BSA SUPPLY POINT","DRY_BULK",75330,75330,0,2,0,373.574613760121
-3041,12,"OBJ BLUE SUPPLY POINT","DRY_BULK",3631764,352200,3279564,2,0,5169.07324638783
-3042,12,"ANDONG SUPPLY DEPOT","WATER",2917696,0,2917696,3,0,0
-3043,12,"SEA BASE","WATER",809122.5,0,809122.5,3,0,0
-3044,12,"SEA BASE","DRY_BULK",696355,0,696355,3,0,0
-3045,12,"SEA BASE","FUEL",1663942.6654915,0,1663942.6654915,3,0,0
-3046,12,"ANDONG SUPPLY DEPOT","DRY_BULK",2065864,0,2065864,3,0,0
-3047,12,"ANDONG SUPPLY DEPOT","FUEL",9605775.80237132,0,9605775.80237132,3,0,0
-3048,13,"US BDE MECH","FUEL",268400,268400,0,1,100,2338.70254305478
-3049,13,"ALLIED BDE MECH","FUEL",284450,217850,66600,1,100,4408.9640567603
-3050,13,"ALLIED DIV INF","FUEL",196627,196627,0,1,100,2004.60626755746
-3051,13,"US MEB","FUEL",89280,89280,0,1,75,534.450942939047
-3052,13,"ALLIED MEB","FUEL",72540,72540,0,1,75,408.410714527316
-3053,13,"US BDE STRYKER","FUEL",79360,79360,0,1,75,903.786808527885
-3054,13,"US BDE MECH","DRY_BULK",47872,47872,0,1,70,1650.06781195953
-3055,13,"ALLIED BDE MECH","DRY_BULK",45152,45152,0,1,70,1295.21292518978
-3056,13,"ALLIED DIV INF","DRY_BULK",71546,71546,0,1,70,1275.6585339002
-3057,13,"ALLIED MEB","DRY_BULK",26370,26370,0,1,50,255.256696579573
-3058,13,"US MEB","DRY_BULK",48960,48960,0,1,50,475.067504834708
-3059,13,"US BDE MECH","WATER",44000,0,44000,1,50,0
-3060,13,"ALLIED DIV INF","WATER",203184,0,203184,1,50,0
-3061,13,"ALLIED BDE MECH","WATER",83000,0,83000,1,50,0
-3062,13,"US BDE STRYKER","DRY_BULK",97920,0,97920,1,50,0
-3063,13,"US MEB","WATER",46710,46710,0,1,25,296.917190521693
-3064,13,"US BDE STRYKER","WATER",93420,0,93420,1,25,0
-3065,13,"ALLIED MEB","WATER",37440,37440,0,1,25,204.205357263658
-3066,13,"BSA SUPPLY POINT","FUEL",163994.308406666,163994.308406666,0,2,2,0
-3067,13,"OBJ BLUE SUPPLY POINT","FUEL",781425.102727179,781425.102727179,0,2,2,7119.03536882726
-3068,13,"BSA SUPPLY POINT","WATER",84150,76000,8150,2,1,1013.9882373489
-3069,13,"OBJ BLUE SUPPLY POINT","WATER",138000,138000,0,2,1,1356.00673691948
-3070,13,"BSA SUPPLY POINT","DRY_BULK",75330,0,75330,2,0,0
-3071,13,"OBJ BLUE SUPPLY POINT","DRY_BULK",3475568,272400,3203168,2,0,3982.56735158328
-3072,13,"ANDONG SUPPLY DEPOT","WATER",2922696,0,2922696,3,0,0
-3073,13,"SEA BASE","WATER",893272.5,0,893272.5,3,0,0
-3074,13,"SEA BASE","DRY_BULK",771685,0,771685,3,0,0
-3075,13,"SEA BASE","FUEL",1831672.72003576,0,1831672.72003576,3,0,0
-3076,13,"ANDONG SUPPLY DEPOT","DRY_BULK",2418064,0,2418064,3,0,0
-3077,13,"ANDONG SUPPLY DEPOT","FUEL",10404135.7177545,0,10404135.7177545,3,0,0
-3078,14,"US BDE MECH","FUEL",268400,268400,0,1,100,2682.50826388015
-3079,14,"ALLIED BDE MECH","FUEL",319750,201850,117900,1,100,4494.047931126
-3080,14,"ALLIED DIV INF","FUEL",196627,196627,0,1,100,1817.56249990812
-3081,14,"US MEB","FUEL",89280,89280,0,1,75,534.450942939047
-3082,14,"ALLIED MEB","FUEL",72540,72540,0,1,75,408.410714527316
-3083,14,"US BDE STRYKER","FUEL",79360,79360,0,1,75,831.593402215801
-3084,14,"US BDE MECH","DRY_BULK",47872,47872,0,1,70,1494.2051237035
-3085,14,"ALLIED BDE MECH","DRY_BULK",45152,45152,0,1,70,1172.0267197172
-3086,14,"ALLIED DIV INF","DRY_BULK",71546,71546,0,1,70,1156.63068175971
-3087,14,"ALLIED MEB","DRY_BULK",26370,26370,0,1,50,255.256696579573
-3088,14,"US MEB","DRY_BULK",48960,48960,0,1,50,475.067504834708
-3089,14,"US BDE MECH","WATER",88000,57000,31000,1,50,896.523074222102
-3090,14,"ALLIED DIV INF","WATER",203184,0,203184,1,50,0
-3091,14,"ALLIED BDE MECH","WATER",124500,124500,0,1,50,3653.23167797963
-3092,14,"US BDE STRYKER","DRY_BULK",97920,0,97920,1,50,0
-3093,14,"US MEB","WATER",46710,46710,0,1,25,296.917190521693
-3094,14,"US BDE STRYKER","WATER",93420,0,93420,1,25,0
-3095,14,"ALLIED MEB","WATER",37440,37440,0,1,25,204.205357263658
-3096,14,"BSA SUPPLY POINT","FUEL",163994.308406666,0,163994.308406666,2,2,0
-3097,14,"OBJ BLUE SUPPLY POINT","FUEL",776863.99894695,776863.99894695,0,2,2,8180.53641248499
-3098,14,"BSA SUPPLY POINT","WATER",92300,0,92300,2,1,0
-3099,14,"OBJ BLUE SUPPLY POINT","WATER",5000,5000,0,2,1,348.889682222785
-3100,14,"BSA SUPPLY POINT","DRY_BULK",150660,0,150660,2,0,0
-3101,14,"OBJ BLUE SUPPLY POINT","DRY_BULK",3380238,72000,3308238,2,0,1046.66904666836
-3102,14,"ANDONG SUPPLY DEPOT","WATER",3060696,0,3060696,3,0,0
-3103,14,"SEA BASE","WATER",969272.5,0,969272.5,3,0,0
-3104,14,"SEA BASE","DRY_BULK",771685,0,771685,3,0,0
-3105,14,"SEA BASE","FUEL",1999960.90284791,0,1999960.90284791,3,0,0
-3106,14,"ANDONG SUPPLY DEPOT","DRY_BULK",2690464,0,2690464,3,0,0
-3107,14,"ANDONG SUPPLY DEPOT","FUEL",11198018.429939,0,11198018.429939,3,0,0
-3108,15,"US BDE MECH","FUEL",268400,268400,0,1,100,3005.8373255171
-3109,15,"ALLIED BDE MECH","FUEL",371050,197850,173200,1,100,4758.94198913835
-3110,15,"ALLIED DIV INF","FUEL",196627,196627,0,1,100,1916.92682946213
-3111,15,"US MEB","FUEL",89280,89280,0,1,75,534.450942939047
-3112,15,"ALLIED MEB","FUEL",72540,72540,0,1,75,408.410714527316
-3113,15,"US BDE STRYKER","FUEL",79360,79360,0,1,75,873.567711167959
-3114,15,"US BDE MECH","DRY_BULK",47872,47872,0,1,70,1376.47678581616
-3115,15,"ALLIED BDE MECH","DRY_BULK",45152,45152,0,1,70,1092.48096015727
-3116,15,"ALLIED DIV INF","DRY_BULK",71546,71546,0,1,70,1219.86252783954
-3117,15,"ALLIED MEB","DRY_BULK",26370,26370,0,1,50,255.256696579573
-3118,15,"US MEB","DRY_BULK",48960,48960,0,1,50,475.067504834708
-3119,15,"US BDE MECH","WATER",75000,19000,56000,1,50,275.295357163232
-3120,15,"ALLIED DIV INF","WATER",203184,0,203184,1,50,0
-3121,15,"ALLIED BDE MECH","WATER",41500,41500,0,1,50,1506.01139946418
-3122,15,"US BDE STRYKER","DRY_BULK",97920,0,97920,1,50,0
-3123,15,"US MEB","WATER",46710,46710,0,1,25,296.917190521693
-3124,15,"US BDE STRYKER","WATER",93420,0,93420,1,25,0
-3125,15,"ALLIED MEB","WATER",37440,37440,0,1,25,204.205357263658
-3126,15,"BSA SUPPLY POINT","FUEL",327988.616813332,38.3305412628528,327950.286272069,2,2,0
-3127,15,"OBJ BLUE SUPPLY POINT","FUEL",761532.097696533,761532.097696533,0,2,2,6780.03368459739
-3128,15,"BSA SUPPLY POINT","WATER",176450,0,176450,2,1,0
-3129,15,"OBJ BLUE SUPPLY POINT","WATER",62000,62000,0,2,1,678.003368459739
-3130,15,"BSA SUPPLY POINT","DRY_BULK",225990,0,225990,2,0,0
-3131,15,"OBJ BLUE SUPPLY POINT","DRY_BULK",3485308,261000,3224308,2,0,3813.06650946835
-3132,15,"ANDONG SUPPLY DEPOT","WATER",3190196,0,3190196,3,0,0
-3133,15,"SEA BASE","WATER",969272.5,0,969272.5,3,0,0
-3134,15,"SEA BASE","DRY_BULK",771685,0,771685,3,0,0
-3135,15,"SEA BASE","FUEL",1999960.90284791,0,1999960.90284791,3,0,0
-3136,15,"ANDONG SUPPLY DEPOT","DRY_BULK",2762464,0,2762464,3,0,0
-3137,15,"ANDONG SUPPLY DEPOT","FUEL",11988111.7557053,0,11988111.7557053,3,0,0
-3138,16,"US BDE MECH","FUEL",268400,268400,0,1,100,3275.37048177656
-3139,16,"ALLIED BDE MECH","FUEL",426350,193850,232500,1,100,4944.91403119747
-3140,16,"ALLIED DIV INF","FUEL",196627,196627,0,1,100,2604.28771335001
-3141,16,"US MEB","FUEL",89280,7996.02188316052,81283.9781168395,1,75,59.3834381043385
-3142,16,"ALLIED MEB","FUEL",72540,0,72540,1,75,0
-3143,16,"US BDE STRYKER","FUEL",79360,79360,0,1,75,1169.05830714279
-3144,16,"US BDE MECH","DRY_BULK",47872,47872,0,1,70,1267.60034287148
-3145,16,"ALLIED BDE MECH","DRY_BULK",45152,45152,0,1,70,1018.17245239911
-3146,16,"ALLIED DIV INF","DRY_BULK",71546,11400,60146,1,70,236.753428486365
-3147,16,"ALLIED MEB","DRY_BULK",26370,0,26370,1,50,0
-3148,16,"US MEB","DRY_BULK",48960,0,48960,1,50,0
-3149,16,"US BDE MECH","WATER",100000,0,100000,1,50,0
-3150,16,"ALLIED DIV INF","WATER",203184,0,203184,1,50,0
-3151,16,"ALLIED BDE MECH","WATER",41500,41500,0,1,50,1450.28001864556
-3152,16,"US BDE STRYKER","DRY_BULK",97920,0,97920,1,50,0
-3153,16,"US MEB","WATER",46710,0,46710,1,25,0
-3154,16,"US BDE STRYKER","WATER",93420,0,93420,1,25,0
-3155,16,"ALLIED MEB","WATER",37440,0,37440,1,25,0
-3156,16,"BSA SUPPLY POINT","FUEL",491944.594678735,0,491944.594678735,2,2,0
-3157,16,"OBJ BLUE SUPPLY POINT","FUEL",757506.389486262,757506.389486262,0,2,2,6780.03368459739
-3158,16,"BSA SUPPLY POINT","WATER",260600,0,260600,2,1,0
-3159,16,"OBJ BLUE SUPPLY POINT","WATER",24000,24000,0,2,1,339.00168422987
-3160,16,"BSA SUPPLY POINT","DRY_BULK",301320,0,301320,2,0,0
-3161,16,"OBJ BLUE SUPPLY POINT","DRY_BULK",3401378,283800,3117578,2,0,4152.06819369822
-3162,16,"ANDONG SUPPLY DEPOT","WATER",3293696,0,3293696,3,0,0
-3163,16,"SEA BASE","WATER",969272.5,0,969272.5,3,0,0
-3164,16,"SEA BASE","DRY_BULK",771685,0,771685,3,0,0
-3165,16,"SEA BASE","FUEL",2000000,0,2000000,3,0,0
-3166,16,"ANDONG SUPPLY DEPOT","DRY_BULK",3023464,0,3023464,3,0,0
-3167,16,"ANDONG SUPPLY DEPOT","FUEL",12762420.9683638,0,12762420.9683638,3,0,0
-3168,17,"US BDE MECH","FUEL",268400,268400,0,1,100,1483.95673646927
-3169,17,"ALLIED BDE MECH","FUEL",485650,485650,0,1,100,5909.96514640107
-3170,17,"ALLIED DIV INF","FUEL",196627,196627,0,1,100,1388.69700003542
-3171,17,"ALLIED MEB","FUEL",145080,0,145080,1,75,0
-3172,17,"US MEB","FUEL",170563.978116839,0,170563.978116839,1,75,0
-3173,17,"US BDE STRYKER","FUEL",79360,79360,0,1,75,889.722359352496
-3174,17,"US BDE MECH","DRY_BULK",47872,47872,0,1,70,1159.24873730932
-3175,17,"ALLIED BDE MECH","DRY_BULK",45152,45152,0,1,70,945.594423424172
-3176,17,"ALLIED DIV INF","DRY_BULK",131692,131692,0,1,70,1804.36478597705
-3177,17,"US BDE MECH","WATER",110000,72000,38000,1,50,2147.29852994118
-3178,17,"US MEB","DRY_BULK",97920,0,97920,1,50,0
-3179,17,"ALLIED MEB","DRY_BULK",52740,0,52740,1,50,0
-3180,17,"ALLIED DIV INF","WATER",203184,0,203184,1,50,0
-3181,17,"ALLIED BDE MECH","WATER",41500,41500,0,1,50,1175.5831319574
-3182,17,"US BDE STRYKER","DRY_BULK",97920,0,97920,1,50,0
-3183,17,"US MEB","WATER",93420,0,93420,1,25,0
-3184,17,"US BDE STRYKER","WATER",93420,0,93420,1,25,0
-3185,17,"ALLIED MEB","WATER",74880,0,74880,1,25,0
-3186,17,"BSA SUPPLY POINT","FUEL",500000,0,500000,2,2,0
-3187,17,"OBJ YELLOW SUPPLY POINT","FUEL",1500000,844866.081339784,655133.918660217,2,2,5059.75323932156
-3188,17,"BSA SUPPLY POINT","WATER",260600,0,260600,2,1,0
-3189,17,"OBJ YELLOW SUPPLY POINT","WATER",500000,250000,250000,2,1,0
-3190,17,"BSA SUPPLY POINT","DRY_BULK",301320,0,301320,2,0,0
-3191,17,"OBJ YELLOW SUPPLY POINT","DRY_BULK",500000,250000,250000,2,0,0
-3192,17,"OBJ BLUE SUPPLY POINT","FUEL",753503.156757224,753503.156757224,0,3,2,6864.78410565486
-3193,17,"OBJ BLUE SUPPLY POINT","WATER",5000,5000,0,3,1,169.500842114935
-3194,17,"SEA BASE","WATER",969272.5,0,969272.5,3,0,0
-3195,17,"SEA BASE","FUEL",2000000,0,2000000,3,0,0
-3196,17,"OBJ BLUE SUPPLY POINT","DRY_BULK",3234502,306600,2927902,3,0,4491.06987792809
-3197,17,"SEA BASE","DRY_BULK",771685,0,771685,3,0,0
-3198,17,"ANDONG SUPPLY DEPOT","FUEL",13532648.7414313,0,13532648.7414313,4,0,0
-3199,17,"ANDONG SUPPLY DEPOT","WATER",3359196,0,3359196,4,0,0
-3200,17,"ANDONG SUPPLY DEPOT","DRY_BULK",3307264,0,3307264,4,0,0
-3201,18,"US BDE MECH","FUEL",268400,268400,0,1,100,1637.67050356062
-3202,18,"ALLIED BDE MECH","FUEL",253150,253150,0,1,100,3206.1628146582
-3203,18,"ALLIED DIV INF","FUEL",196627,196627,0,1,100,1540.46553206258
-3204,18,"ALLIED MEB","FUEL",181350,0,181350,1,75,0
-3205,18,"US MEB","FUEL",178560,0,178560,1,75,0
-3206,18,"US BDE STRYKER","FUEL",79360,79360,0,1,75,685.033182663116
-3207,18,"US BDE MECH","DRY_BULK",47872,47872,0,1,70,606.544630948377
-3208,18,"ALLIED BDE MECH","DRY_BULK",45152,45152,0,1,70,498.803530311772
-3209,18,"ALLIED DIV INF","DRY_BULK",71546,71546,0,1,70,980.296247676187
-3210,18,"US BDE MECH","WATER",82000,82000,0,1,50,606.544630948377
-3211,18,"US MEB","DRY_BULK",97920,0,97920,1,50,0
-3212,18,"ALLIED MEB","DRY_BULK",65925,0,65925,1,50,0
-3213,18,"ALLIED DIV INF","WATER",203184,203184,0,1,50,2097.0964243614
-3214,18,"ALLIED BDE MECH","WATER",41500,41500,0,1,50,1206.27104084885
-3215,18,"US BDE STRYKER","DRY_BULK",97920,97920,0,1,50,1604.14699032615
-3216,18,"US MEB","WATER",93420,0,93420,1,25,0
-3217,18,"US BDE STRYKER","WATER",93420,93420,0,1,25,1148.89225957879
-3218,18,"ALLIED MEB","WATER",93600,0,93600,1,25,0
-3219,18,"BSA SUPPLY POINT","FUEL",500000,0,500000,2,2,0
-3220,18,"OBJ YELLOW SUPPLY POINT","FUEL",1158959.51398732,939467.383187624,219492.130799692,2,2,5799.32350953279
-3221,18,"BSA SUPPLY POINT","WATER",260600,0,260600,2,1,0
-3222,18,"OBJ YELLOW SUPPLY POINT","WATER",327000,0,327000,2,1,0
-3223,18,"BSA SUPPLY POINT","DRY_BULK",301320,0,301320,2,0,0
-3224,18,"OBJ YELLOW SUPPLY POINT","DRY_BULK",348592,100000,248592,2,0,0
-3225,18,"OBJ BLUE SUPPLY POINT","FUEL",893366.086970915,893366.086970915,0,3,2,8051.2900004594
-3226,18,"OBJ BLUE SUPPLY POINT","WATER",5000,5000,0,3,1,169.500842114935
-3227,18,"SEA BASE","WATER",969272.5,0,969272.5,3,0,0
-3228,18,"SEA BASE","FUEL",2000000,0,2000000,3,0,0
-3229,18,"OBJ BLUE SUPPLY POINT","DRY_BULK",3079026,226800,2852226,3,0,3304.56398312354
-3230,18,"SEA BASE","DRY_BULK",771685,0,771685,3,0,0
-3231,18,"ANDONG SUPPLY DEPOT","FUEL",14298852.8361462,0,14298852.8361462,4,0,0
-3232,18,"ANDONG SUPPLY DEPOT","WATER",3405696,0,3405696,4,0,0
-3233,18,"ANDONG SUPPLY DEPOT","DRY_BULK",3613864,0,3613864,4,0,0
-3234,19,"US BDE MECH","FUEL",268400,268400,0,1,100,1884.44204194759
-3235,19,"ALLIED BDE MECH","FUEL",253150,253150,0,1,100,3406.7386978118
-3236,19,"ALLIED DIV INF","FUEL",196627,196627,0,1,100,1678.17988157433
-3237,19,"ALLIED MEB","FUEL",181350,0,181350,1,75,0
-3238,19,"US MEB","FUEL",178560,0,178560,1,75,0
-3239,19,"US BDE STRYKER","FUEL",79360,79360,0,1,75,749.128537047635
-3240,19,"US BDE MECH","DRY_BULK",47872,40138,7734,1,70,563.430574125908
-3241,19,"ALLIED BDE MECH","DRY_BULK",45152,0,45152,1,70,0
-3242,19,"ALLIED DIV INF","DRY_BULK",71546,0,71546,1,70,0
-3243,19,"US BDE MECH","WATER",44000,44000,0,1,50,1669.29143621501
-3244,19,"US MEB","DRY_BULK",97920,0,97920,1,50,0
-3245,19,"ALLIED MEB","DRY_BULK",65925,0,65925,1,50,0
-3246,19,"ALLIED DIV INF","WATER",101592,24000,77592,1,50,959.817498983821
-3247,19,"ALLIED BDE MECH","WATER",41500,41500,0,1,50,1223.44035834745
-3248,19,"US BDE STRYKER","DRY_BULK",43520,0,43520,1,50,0
-3249,19,"US MEB","WATER",93420,0,93420,1,25,0
-3250,19,"US BDE STRYKER","WATER",41520,0,41520,1,25,0
-3251,19,"ALLIED MEB","WATER",93600,0,93600,1,25,0
-3252,19,"BSA SUPPLY POINT","FUEL",500000,0,500000,2,2,0
-3253,19,"OBJ YELLOW SUPPLY POINT","FUEL",772569.73384601,448450,324119.73384601,2,2,5799.32350953279
-3254,19,"BSA SUPPLY POINT","WATER",260600,0,260600,2,1,0
-3255,19,"OBJ YELLOW SUPPLY POINT","WATER",500000,275000,225000,2,1,5011.79837417042
-3256,19,"BSA SUPPLY POINT","DRY_BULK",301320,0,301320,2,0,0
-3257,19,"OBJ YELLOW SUPPLY POINT","DRY_BULK",482662,22800,459862,2,0,668.239783222722
-3258,19,"OBJ BLUE SUPPLY POINT","FUEL",705837.760397935,705837.760397935,0,3,2,6356.28157931005
-3259,19,"OBJ BLUE SUPPLY POINT","WATER",210604,210604,0,3,1,2034.01010537922
-3260,19,"SEA BASE","WATER",969272.5,0,969272.5,3,0,0
-3261,19,"SEA BASE","FUEL",2000000,0,2000000,3,0,0
-3262,19,"OBJ BLUE SUPPLY POINT","DRY_BULK",2905646,215400,2690246,3,0,3135.06314100861
-3263,19,"SEA BASE","DRY_BULK",771685,0,771685,3,0,0
-3264,19,"ANDONG SUPPLY DEPOT","FUEL",15204950.5489836,0,15204950.5489836,4,0,0
-3265,19,"ANDONG SUPPLY DEPOT","WATER",3452196,0,3452196,4,0,0
-3266,19,"ANDONG SUPPLY DEPOT","DRY_BULK",3840664,0,3840664,4,0,0
