TransportDeliveryID,RequestID,Day,SupplyingLogNode,TransportType,TransportConfiguration,DeliveredAmount,DeliveredWeight,FuelTypeExpended,FuelAmountExpended,ConvoyProtectionFuelExpended,Distance,Sorties,TransportTimeSpent,SortieDurationPer,Scripted
-370,-541,0,"ANDONG SUPPLY DEPOT","Mtruck","Default",123800,99040,"FUEL",384.918640543213,0,29.6091261956318,13,31.8588250685033,2.45067885142333,False
-371,-542,0,"ANDONG SUPPLY DEPOT","Mtruck","Default",130000,104000,"FUEL",332.820406451374,0,25.6015697270287,13,17.6350342902302,1.35654109924847,False
-372,-542,0,"ANDONG SUPPLY DEPOT","Htruck","Default",132500,106000,"FUEL",358.421976178402,0,25.6015697270287,7,10.4845150394519,1.49778786277885,False
-373,-543,0,"ANDONG SUPPLY DEPOT","Htruck","Default",165000,132000,"FUEL",511.613618724042,0,28.4229788180023,9,16.1912214417731,1.79902460464146,False
-374,-544,0,"ANDONG SUPPLY DEPOT","Htruck","Default",14720,11776,"FUEL",43.418596683671,0,21.7092983418355,1,1.71171944285769,1.71171944285769,False
-375,-545,0,"ANDONG SUPPLY DEPOT","Htruck","Default",11000,11000,"FUEL",51.2031394540575,0,25.6015697270287,1,1.49778786277885,1.49778786277885,False
-376,-546,0,"ANDONG SUPPLY DEPOT","Htruck","Default",38200,38200,"FUEL",227.383830544018,0,28.4229788180023,4,7.19609841856583,1.79902460464146,False
-377,-547,0,"ANDONG SUPPLY DEPOT","Htruck","Default",82400,82400,"FUEL",473.746019130109,0,29.6091261956318,8,20.0136178258985,2.50170222823732,False
-378,-548,0,"ANDONG SUPPLY DEPOT","Htruck","Default",4040,4040,"FUEL",43.418596683671,0,21.7092983418355,1,1.71171944285769,1.71171944285769,False
-379,-549,0,"ANDONG SUPPLY DEPOT","Htruck","Default",25000,24000,"FUEL",102.406278908115,0,25.6015697270287,2,2.9955757255577,1.49778786277885,False
-380,-551,0,"ANDONG SUPPLY DEPOT","Htruck","Default",25000,24000,"FUEL",113.691915272009,0,28.4229788180023,2,3.59804920928292,1.79902460464146,False
-381,-561,1,"ANDONG SUPPLY DEPOT","Mtruck","Default",280000,224000,"FUEL",829.196573724188,0,29.6141633472924,28,49.8353552050345,1.77983411446552,False
-382,-561,1,"ANDONG SUPPLY DEPOT","Htruck","Default",25000,20000,"FUEL",118.45665338917,0,29.6141633472924,2,3.83628611514094,1.91814305757047,False
-383,-562,1,"ANDONG SUPPLY DEPOT","Htruck","Default",305000,244000,"FUEL",1173.53208931158,0,34.5156496856348,17,33.7827379099521,1.98721987705601,False
-384,-563,1,"ANDONG SUPPLY DEPOT","Htruck","Default",236900,189520,"FUEL",900.580337847085,0,34.637705301811,13,28.6243075468129,2.2018698112933,False
-385,-564,1,"ANDONG SUPPLY DEPOT","Htruck","Default",84320,67456,"FUEL",228.025020198455,0,22.8025020198455,5,9.10519905329342,1.82103981065868,False
-386,-565,1,"ANDONG SUPPLY DEPOT","Htruck","Default",54400,54400,"FUEL",296.141633472924,0,29.6141633472924,5,9.59071528785235,1.91814305757047,False
-387,-566,1,"ANDONG SUPPLY DEPOT","Htruck","Default",54400,54400,"FUEL",345.156496856348,0,34.5156496856348,5,9.93609938528003,1.98721987705601,False
-388,-567,1,"ANDONG SUPPLY DEPOT","Htruck","Default",86200,86200,"FUEL",554.203284828975,0,34.637705301811,8,17.6149584903464,2.2018698112933,False
-389,-568,1,"ANDONG SUPPLY DEPOT","Htruck","Default",50000,48000,"FUEL",177.684980083755,0,29.6141633472924,3,5.75442917271141,1.91814305757047,False
-390,-569,1,"ANDONG SUPPLY DEPOT","Htruck","Default",50000,48000,"FUEL",207.093898113809,0,34.5156496856348,3,5.96165963116801,1.98721987705601,False
-391,-570,1,"ANDONG SUPPLY DEPOT","Htruck","Default",117200,112512,"FUEL",484.927874225353,0,34.637705301811,7,15.4130886790531,2.2018698112933,False
-392,-571,1,"ANDONG SUPPLY DEPOT","Htruck","Default",46240,46240,"FUEL",228.025020198455,0,22.8025020198455,5,9.10519905329342,1.82103981065868,False
-393,-572,1,"ANDONG SUPPLY DEPOT","Htruck","Default",43373.75,41638.8,"FUEL",136.815012119073,0,22.8025020198455,3,5.46311943197605,1.82103981065868,False
-394,-576,2,"ANDONG SUPPLY DEPOT","Mtruck","Default",230000,184000,"FUEL",1022.35579642197,0,44.4502520183466,23,49.2787967906385,2.14255638220167,False
-395,-576,2,"ANDONG SUPPLY DEPOT","Htruck","Default",75000,60000,"FUEL",355.602016146772,0,44.4502520183466,4,9.72126748755677,2.43031687188919,False
-396,-577,2,"ANDONG SUPPLY DEPOT","Htruck","Default",305000,244000,"FUEL",1507.43169791455,0,44.3362264092515,17,41.1215432866547,2.41891431097969,False
-397,-578,2,"ANDONG SUPPLY DEPOT","Htruck","Default",236900,189520,"FUEL",837.251864764641,0,32.2019947986401,13,25.4578838926907,1.95829876097621,False
-398,-579,2,"ANDONG SUPPLY DEPOT","Htruck","Default",84320,67456,"FUEL",352.705898088534,0,35.2705898088534,5,11.3257913099877,2.26515826199754,False
-399,-580,2,"ANDONG SUPPLY DEPOT","Htruck","Default",54400,54400,"FUEL",444.502520183466,0,44.4502520183466,5,12.151584359446,2.43031687188919,False
-400,-581,2,"ANDONG SUPPLY DEPOT","Htruck","Default",54400,54400,"FUEL",443.362264092515,0,44.3362264092515,5,12.0945715548984,2.41891431097969,False
-401,-582,2,"ANDONG SUPPLY DEPOT","Htruck","Default",86200,86200,"FUEL",515.231916778241,0,32.2019947986401,8,15.6663900878096,1.95829876097621,False
-402,-583,2,"ANDONG SUPPLY DEPOT","Htruck","Default",50000,48000,"FUEL",266.701512110079,0,44.4502520183466,3,7.29095061566758,2.43031687188919,False
-403,-584,2,"ANDONG SUPPLY DEPOT","Htruck","Default",50000,48000,"FUEL",266.017358455509,0,44.3362264092515,3,7.25674293293906,2.41891431097969,False
-404,-585,2,"ANDONG SUPPLY DEPOT","Htruck","Default",122400,117504,"FUEL",450.827927180961,0,32.2019947986401,7,13.7080913268334,1.95829876097621,False
-405,-586,2,"ANDONG SUPPLY DEPOT","Htruck","Default",46240,46240,"FUEL",352.705898088534,0,35.2705898088534,5,11.3257913099877,2.26515826199754,False
-406,-587,2,"ANDONG SUPPLY DEPOT","Htruck","Default",44115,42350.4,"FUEL",211.62353885312,0,35.2705898088534,3,6.79547478599261,2.26515826199754,False
-407,-591,3,"ANDONG SUPPLY DEPOT","Mtruck","Default",190000,152000,"FUEL",1125.59782204232,0,59.2419906338064,19,49.8539027432343,2.62388961806496,False
-408,-591,3,"ANDONG SUPPLY DEPOT","Htruck","Default",115000,92000,"FUEL",829.38786887329,0,59.2419906338064,7,21.3128686715712,3.04469552451017,False
-409,-592,3,"ANDONG SUPPLY DEPOT","Htruck","Default",305000,244000,"FUEL",1997.0023665407,0,58.7353637217854,17,50.8985581662372,2.99403283330807,False
-410,-593,3,"ANDONG SUPPLY DEPOT","Htruck","Default",236900,189520,"FUEL",1267.19986570774,0,48.7384563733744,13,35.2479210251958,2.71137854039968,False
-411,-594,3,"SEA BASE","CH-53K","Default",9800,7840,"FUEL",440.990111629436,0,55.1237639536795,3,1.20270030444392,0.400900101481306,False
-412,-595,3,"SEA BASE","CH-53K","Default",14880,11904,"FUEL",649.828643424363,0,60.921435321034,4,1.7722599366119,0.443064984152975,False
-413,-596,3,"ANDONG SUPPLY DEPOT","Htruck","Default",84320,67456,"FUEL",500.972664668203,0,50.0972664668203,5,14.2362977487213,2.84725954974426,False
-414,-597,3,"ANDONG SUPPLY DEPOT","Htruck","Default",54400,54400,"FUEL",592.419906338064,0,59.2419906338064,5,15.2234776225509,3.04469552451017,False
-415,-598,3,"ANDONG SUPPLY DEPOT","Htruck","Default",54400,54400,"FUEL",587.353637217854,0,58.7353637217854,5,14.9701641665404,2.99403283330807,False
-416,-599,3,"ANDONG SUPPLY DEPOT","Htruck","Default",86200,86200,"FUEL",779.815301973991,0,48.7384563733744,8,21.6910283231974,2.71137854039968,False
-417,-600,3,"ANDONG SUPPLY DEPOT","Htruck","Default",50000,48000,"FUEL",355.451943802839,0,59.2419906338064,3,9.13408657353052,3.04469552451017,False
-418,-602,3,"SEA BASE","CH-53K","Default",8160,8160,"FUEL",162.457160856091,0,60.921435321034,1,0.443064984152975,0.443064984152975,False
-419,-603,3,"ANDONG SUPPLY DEPOT","Htruck","Default",46240,46240,"FUEL",500.972664668203,0,50.0972664668203,5,14.2362977487213,2.84725954974426,False
-420,-604,3,"ANDONG SUPPLY DEPOT","Htruck","Default",122400,117504,"FUEL",682.338389227242,0,48.7384563733744,7,18.9796497827977,2.71137854039968,False
-421,-605,3,"ANDONG SUPPLY DEPOT","Htruck","Default",50000,48000,"FUEL",352.412182330712,0,58.7353637217854,3,8.98209849992422,2.99403283330807,False
-422,-606,3,"ANDONG SUPPLY DEPOT","Htruck","Default",44115,42350.4,"FUEL",300.583598800922,0,50.0972664668203,3,8.54177864923279,2.84725954974426,False
-423,-608,3,"SEA BASE","CH-53K","Default",7785,7473.6,"FUEL",324.914321712181,0,60.921435321034,2,0.886129968305949,0.443064984152975,False
-424,-614,4,"ANDONG SUPPLY DEPOT","Mtruck","Default",190000,152000,"FUEL",1125.59782204232,0,59.2419906338064,19,49.8539027432343,2.62388961806496,False
-425,-614,4,"ANDONG SUPPLY DEPOT","Htruck","Default",115000,92000,"FUEL",829.38786887329,0,59.2419906338064,7,21.3128686715712,3.04469552451017,False
-426,-615,4,"ANDONG SUPPLY DEPOT","Htruck","Default",305000,244000,"FUEL",1997.0023665407,0,58.7353637217854,17,50.8985581662372,2.99403283330807,False
-427,-616,4,"ANDONG SUPPLY DEPOT","Htruck","Default",236900,189520,"FUEL",1267.19986570774,0,48.7384563733744,13,35.2479210251958,2.71137854039968,False
-428,-617,4,"SEA BASE","CH-53K","Default",60900,48720,"FUEL",2429.97703150663,0,56.9525866759366,16,6.62721008592716,0.414200630370448,False
-429,-618,4,"SEA BASE","CH-53K","Default",121520,97216,"FUEL",5036.17198653881,0,60.921435321034,31,13.7350145087422,0.443064984152975,False
-430,-619,4,"ANDONG SUPPLY DEPOT","Htruck","Default",84320,67456,"FUEL",500.972664668203,0,50.0972664668203,5,14.2362977487213,2.84725954974426,False
-431,-620,4,"ANDONG SUPPLY DEPOT","Htruck","Default",54400,54400,"FUEL",592.419906338064,0,59.2419906338064,5,15.2234776225509,3.04469552451017,False
-432,-621,4,"ANDONG SUPPLY DEPOT","Htruck","Default",54400,54400,"FUEL",587.353637217854,0,58.7353637217854,5,14.9701641665404,2.99403283330807,False
-433,-622,4,"ANDONG SUPPLY DEPOT","Htruck","Default",86200,86200,"FUEL",779.815301973991,0,48.7384563733744,8,21.6910283231974,2.71137854039968,False
-434,-623,4,"ANDONG SUPPLY DEPOT","Htruck","Default",50000,48000,"FUEL",355.451943802839,0,59.2419906338064,3,9.13408657353052,3.04469552451017,False
-435,-624,4,"SEA BASE","CH-53K","Default",26275,26275,"FUEL",455.620693407492,0,56.9525866759366,3,1.24260189111134,0.414200630370448,False
-436,-625,4,"SEA BASE","CH-53K","Default",66640,66640,"FUEL",974.742965136544,0,60.921435321034,6,2.65838990491785,0.443064984152975,False
-437,-626,4,"ANDONG SUPPLY DEPOT","Htruck","Default",122400,117504,"FUEL",682.338389227242,0,48.7384563733744,7,18.9796497827977,2.71137854039968,False
-438,-627,4,"ANDONG SUPPLY DEPOT","Htruck","Default",50000,48000,"FUEL",352.412182330712,0,58.7353637217854,3,8.98209849992422,2.99403283330807,False
-439,-628,4,"ANDONG SUPPLY DEPOT","Htruck","Default",46240,46240,"FUEL",500.972664668203,0,50.0972664668203,5,14.2362977487213,2.84725954974426,False
-440,-629,4,"SEA BASE","CH-53K","Default",63577.5,61034.4,"FUEL",2599.31457369745,0,60.921435321034,16,7.08903974644759,0.443064984152975,False
-441,-630,4,"ANDONG SUPPLY DEPOT","Htruck","Default",44115,42350.4,"FUEL",300.583598800922,0,50.0972664668203,3,8.54177864923279,2.84725954974426,False
-442,-631,4,"SEA BASE","CH-53K","Default",20000,19200,"FUEL",759.367822345821,0,56.9525866759366,5,2.07100315185224,0.414200630370448,False
-443,-641,5,"ANDONG SUPPLY DEPOT","Mtruck","Default",150000,120000,"FUEL",1101.91780107703,0,73.4611867384684,15,47.3879308433805,3.1591953895587,False
-444,-641,5,"ANDONG SUPPLY DEPOT","Htruck","Default",48250,38600,"FUEL",440.767120430811,0,73.4611867384684,3,11.0946494236007,3.69821647453357,False
-445,-642,5,"ANDONG SUPPLY DEPOT","Htruck","Default",122000,97600,"FUEL",997.816558864166,0,71.2726113474405,7,24.3555125480154,3.47935893543078,False
-446,-643,5,"ANDONG SUPPLY DEPOT","Htruck","Default",180044,144035.2,"FUEL",1170.76564687711,0,58.5382823438553,10,36.9136113744777,3.69136113744777,False
-447,-644,5,"BSA SUPPLY POINT","Mtruck","Default",145080,116064,"FUEL",85.1080386442467,0,5.67386924294978,15,8.51080386442467,0.567386924294978,False
-448,-645,5,"BSA SUPPLY POINT","Mtruck","Default",104808.457215609,83846.7657724873,"FUEL",26.4347457466853,0,2.40315870424412,11,2.64347457466853,0.240315870424412,False
-449,-646,5,"ANDONG SUPPLY DEPOT","Htruck","Default",68200,54560,"FUEL",457.825558490151,0,57.2281948112689,4,14.2414095367565,3.56035238418912,False
-450,-647,5,"ANDONG SUPPLY DEPOT","Htruck","Default",35360,35360,"FUEL",587.689493907748,0,73.4611867384684,4,14.7928658981343,3.69821647453357,False
-451,-648,5,"ANDONG SUPPLY DEPOT","Htruck","Default",21760,21760,"FUEL",285.090445389762,0,71.2726113474405,2,6.95871787086155,3.47935893543078,False
-452,-649,5,"ANDONG SUPPLY DEPOT","Htruck","Default",65512,65512,"FUEL",702.459388126264,0,58.5382823438553,6,22.1481668246866,3.69136113744777,False
-453,-650,5,"ANDONG SUPPLY DEPOT","Htruck","Default",32500,31200,"FUEL",293.844746953874,0,73.4611867384684,2,7.39643294906715,3.69821647453357,False
-454,-653,5,"ANDONG SUPPLY DEPOT","Htruck","Default",93024,89303.04,"FUEL",585.382823438553,0,58.5382823438553,5,18.4568056872388,3.69136113744777,False
-455,-654,5,"ANDONG SUPPLY DEPOT","Htruck","Default",20000,19200,"FUEL",285.090445389762,0,71.2726113474405,2,6.95871787086155,3.47935893543078,False
-456,-655,5,"ANDONG SUPPLY DEPOT","Htruck","Default",37400,37400,"FUEL",457.825558490151,0,57.2281948112689,4,14.2414095367565,3.56035238418912,False
-457,-657,5,"ANDONG SUPPLY DEPOT","Htruck","Default",35681.25,34254,"FUEL",228.912779245075,0,57.2281948112689,2,7.12070476837824,3.56035238418912,False
-458,-659,5,"SEA BASE","CH-53K","Default",221239.8416418,176991.87331344,"FUEL",8760.1583581999,0,58.6617747200886,56,23.8913409769088,0.426631088873372,False
-459,-668,6,"ANDONG SUPPLY DEPOT","Mtruck","Default",274500,219600,"FUEL",2055.90226432591,0,73.4250808687825,28,88.3563744725231,3.15558480259011,False
-460,-669,6,"ANDONG SUPPLY DEPOT","Mtruck","Default",100000,80000,"FUEL",729.235454741605,0,72.9235454741605,10,31.054312631279,3.1054312631279,False
-461,-669,6,"ANDONG SUPPLY DEPOT","Htruck","Default",159250,127400,"FUEL",1312.62381853489,0,72.9235454741605,9,32.800071132925,3.64445234810278,False
-462,-670,6,"ANDONG SUPPLY DEPOT","Htruck","Default",217948,174358.4,"FUEL",2144.33628915548,0,89.3473453814785,12,61.0486694085763,5.08738911738136,False
-463,-671,6,"BSA SUPPLY POINT","Mtruck","Default",108810,87048,"FUEL",442.98278681449,0,40.2711624376809,11,22.8599577953766,2.07817798139788,False
-464,-672,6,"BSA SUPPLY POINT","Mtruck","Default",130791.542784391,104633.234227513,"FUEL",517.954395276556,0,36.996742519754,14,24.5103038544726,1.75073598960518,False
-465,-673,6,"ANDONG SUPPLY DEPOT","Htruck","Default",79360,63488,"FUEL",929.375808131121,0,92.9375808131121,5,27.2320633027236,5.44641266054473,False
-466,-674,6,"ANDONG SUPPLY DEPOT","Htruck","Default",48960,48960,"FUEL",734.250808687825,0,73.4250808687825,5,18.4730294378249,3.69460588756498,False
-467,-675,6,"ANDONG SUPPLY DEPOT","Htruck","Default",46240,46240,"FUEL",729.235454741605,0,72.9235454741605,5,18.2222617405139,3.64445234810278,False
-468,-676,6,"ANDONG SUPPLY DEPOT","Htruck","Default",79304,79304,"FUEL",1250.8628353407,0,89.3473453814785,7,35.6117238216695,5.08738911738136,False
-469,-677,6,"ANDONG SUPPLY DEPOT","Htruck","Default",45000,43200,"FUEL",440.550485212695,0,73.4250808687825,3,11.083817662695,3.69460588756498,False
-470,-678,6,"BSA SUPPLY POINT","Mtruck","Default",65925,65925,"FUEL",442.98278681449,0,40.2711624376809,11,22.8599577953766,2.07817798139788,False
-471,-679,6,"BSA SUPPLY POINT","Mtruck","Default",44075,44075,"FUEL",258.977197638278,0,36.996742519754,7,12.2551519272363,1.75073598960518,False
-472,-680,6,"ANDONG SUPPLY DEPOT","Htruck","Default",112608,108103.68,"FUEL",1072.16814457774,0,89.3473453814785,6,30.5243347042882,5.08738911738136,False
-473,-681,6,"ANDONG SUPPLY DEPOT","Htruck","Default",42500,40800,"FUEL",437.541272844963,0,72.9235454741605,3,10.9333570443083,3.64445234810278,False
-474,-682,6,"ANDONG SUPPLY DEPOT","CH-53K","Default",43520,43520,"FUEL",621.378068333693,0,58.2541939062837,4,1.69466745909189,0.423666864772972,False
-475,-683,6,"BSA SUPPLY POINT","Mtruck","Default",93420,89683.2,"FUEL",369.96742519754,0,36.996742519754,10,17.5073598960518,1.75073598960518,False
-476,-684,6,"ANDONG SUPPLY DEPOT","CH-53K","Default",41520,39859.2,"FUEL",1708.78968791765,0,58.2541939062837,11,4.66033551250269,0.423666864772972,False
-477,-685,6,"BSA SUPPLY POINT","Htruck","Default",31580,30316.8,"FUEL",161.084649750724,0,40.2711624376809,2,4.67607283276114,2.33803641638057,False
-478,-686,6,"SEA BASE","CH-53K","Default",28760.1583581999,23008.1266865599,"FUEL",426.942415725852,0,20.0129257371493,8,1.16438840652505,0.145548550815632,False
-479,-687,6,"SEA BASE","CH-53K","Default",125000,120000,"FUEL",1707.76966290341,0,20.0129257371493,32,4.65755362610021,0.145548550815632,False
-480,-688,6,"SEA BASE","CH-53K","Default",110000,110000,"FUEL",533.678019657316,0,20.0129257371493,10,1.45548550815632,0.145548550815632,False
-481,-695,7,"ANDONG SUPPLY DEPOT","Mtruck","Default",274500,219600,"FUEL",2333.39847293147,0,83.3356597475524,28,98.9039167455773,3.53228274091348,False
-482,-696,7,"ANDONG SUPPLY DEPOT","Mtruck","Default",60000,48000,"FUEL",536.204339656382,0,89.3673899427303,6,20.8486850869335,3.47478084782226,False
-483,-696,7,"ANDONG SUPPLY DEPOT","Htruck","Default",199250,159400,"FUEL",1966.08257874007,0,89.3673899427303,11,46.0218723919403,4.18380658108548,False
-484,-697,7,"ANDONG SUPPLY DEPOT","Htruck","Default",217948,174358.4,"FUEL",2100.88306520295,0,87.5367943834561,12,58.8760082109495,4.90633401757913,False
-485,-698,7,"BSA SUPPLY POINT","Mtruck","Default",72540,58032,"FUEL",382.387849592605,0,47.7984811990756,8,13.643336022461,1.70541700280762,False
-486,-699,7,"BSA SUPPLY POINT","Mtruck","Default",89280,71424,"FUEL",526.445160224486,0,58.4939066916096,9,20.6855705330826,2.29839672589807,False
-487,-700,7,"ANDONG SUPPLY DEPOT","Htruck","Default",79360,63488,"FUEL",952.593342826869,0,95.2593342826869,5,28.392940037511,5.6785880075022,False
-488,-701,7,"ANDONG SUPPLY DEPOT","Htruck","Default",48960,48960,"FUEL",833.356597475524,0,83.3356597475524,5,20.7660924291442,4.15321848582883,False
-489,-702,7,"ANDONG SUPPLY DEPOT","Htruck","Default",46240,46240,"FUEL",893.673899427303,0,89.3673899427303,5,20.9190329054274,4.18380658108548,False
-490,-703,7,"ANDONG SUPPLY DEPOT","Htruck","Default",79304,79304,"FUEL",1225.51512136839,0,87.5367943834561,7,34.3443381230539,4.90633401757913,False
-491,-704,7,"ANDONG SUPPLY DEPOT","Htruck","Default",45000,43200,"FUEL",500.013958485314,0,83.3356597475524,3,12.4596554574865,4.15321848582883,False
-492,-705,7,"BSA SUPPLY POINT","Mtruck","Default",26370,26370,"FUEL",238.992405995378,0,47.7984811990756,5,8.5270850140381,1.70541700280762,False
-493,-706,7,"BSA SUPPLY POINT","Mtruck","Default",83630,83630,"FUEL",818.914693682534,0,58.4939066916096,14,32.177554162573,2.29839672589807,False
-494,-707,7,"ANDONG SUPPLY DEPOT","Htruck","Default",95000,91200,"FUEL",875.367943834561,0,87.5367943834561,5,24.5316700878956,4.90633401757913,False
-495,-707,7,"ANDONG SUPPLY DEPOT","CH-53K","Default",17608,16903.68,"FUEL",855.543774070571,0,64.1657830552928,5,2.33330120201065,0.46666024040213,False
-496,-708,7,"ANDONG SUPPLY DEPOT","CH-53K","Default",42500,40800,"FUEL",2114.81616675541,0,72.0960056848434,11,5.76768045478748,0.524334586798861,False
-497,-710,7,"BSA SUPPLY POINT","Mtruck","Default",46710,44841.6,"FUEL",292.469533458048,0,58.4939066916096,5,11.4919836294903,2.29839672589807,False
-498,-712,7,"BSA SUPPLY POINT","Mtruck","Default",70000,67200,"FUEL",334.589368393529,0,47.7984811990756,7,11.9379190196533,1.70541700280762,False
-499,-712,7,"BSA SUPPLY POINT","Htruck","Default",8290,7958.4,"FUEL",95.5969623981512,0,47.7984811990756,1,2.11534115175428,2.11534115175428,False
-500,-714,7,"SEA BASE","CH-53K","Default",125000,120000,"FUEL",1707.76966290341,0,20.0129257371493,32,4.65755362610021,0.145548550815632,False
-501,-715,7,"SEA BASE","CH-53K","Default",110000,110000,"FUEL",533.678019657316,0,20.0129257371493,10,1.45548550815632,0.145548550815632,False
-502,-722,8,"ANDONG SUPPLY DEPOT","Mtruck","Default",274500,219600,"FUEL",2579.4008319475,0,92.1214582838391,28,105.005255094128,3.75018768193315,False
-503,-723,8,"ANDONG SUPPLY DEPOT","Mtruck","Default",30000,24000,"FUEL",302.595856028543,0,100.865285342848,3,11.7342666853059,3.91142222843529,False
-504,-723,8,"ANDONG SUPPLY DEPOT","Htruck","Default",229250,183400,"FUEL",2622.49741891404,0,100.865285342848,13,61.3019469783717,4.71553438295167,False
-505,-724,8,"ANDONG SUPPLY DEPOT","Htruck","Default",217948,174358.4,"FUEL",2219.3581049182,0,92.4732543715916,12,59.0810062827567,4.92341719022972,False
-506,-725,8,"BSA SUPPLY POINT","Mtruck","Default",72540,58032,"FUEL",408.410714527316,0,51.0513393159145,8,16.2456225159321,2.03070281449152,False
-507,-726,8,"BSA SUPPLY POINT","Mtruck","Default",89280,71424,"FUEL",534.450942939047,0,59.3834381043385,9,21.4861488045387,2.38734986717096,False
-508,-727,8,"ANDONG SUPPLY DEPOT","Htruck","Default",79360,63488,"FUEL",812.093066323008,0,81.2093066323008,5,21.367926212318,4.27358524246359,False
-509,-728,8,"ANDONG SUPPLY DEPOT","Htruck","Default",48960,48960,"FUEL",921.214582838391,0,92.1214582838391,5,22.2960670759818,4.45921341519637,False
-510,-729,8,"ANDONG SUPPLY DEPOT","Htruck","Default",46240,46240,"FUEL",1008.65285342848,0,100.865285342848,5,23.5776719147584,4.71553438295167,False
-511,-730,8,"ANDONG SUPPLY DEPOT","Htruck","Default",79304,79304,"FUEL",1294.62556120228,0,92.4732543715916,7,34.4639203316081,4.92341719022972,False
-512,-731,8,"ANDONG SUPPLY DEPOT","Htruck","Default",45000,43200,"FUEL",552.728749703035,0,92.1214582838391,3,13.3776402455891,4.45921341519637,False
-513,-732,8,"BSA SUPPLY POINT","Mtruck","Default",26370,26370,"FUEL",255.256696579573,0,51.0513393159145,5,10.1535140724576,2.03070281449152,False
-514,-733,8,"BSA SUPPLY POINT","Mtruck","Default",63250,63250,"FUEL",593.834381043385,0,59.3834381043385,10,23.8734986717096,2.38734986717096,False
-515,-734,8,"ANDONG SUPPLY DEPOT","Htruck","Default",38000,36480,"FUEL",369.893017486366,0,92.4732543715916,2,9.84683438045945,4.92341719022972,False
-516,-734,8,"ANDONG SUPPLY DEPOT","CH-53K","Default",60000,57600,"FUEL",3038.160281845,0,75.9540070461251,15,8.2858916777591,0.552392778517273,False
-517,-736,8,"ANDONG SUPPLY DEPOT","Htruck","Default",11400,11400,"FUEL",162.418613264602,0,81.2093066323008,1,4.27358524246359,4.27358524246359,False
-518,-737,8,"BSA SUPPLY POINT","Mtruck","Default",46710,44841.6,"FUEL",296.917190521693,0,59.3834381043385,5,11.9367493358548,2.38734986717096,False
-519,-739,8,"BSA SUPPLY POINT","Mtruck","Default",52750,50640,"FUEL",306.308035895487,0,51.0513393159145,6,12.1842168869491,2.03070281449152,False
-520,-741,8,"SEA BASE","CH-53K","Default",125000,120000,"FUEL",1707.76966290341,0,20.0129257371493,32,4.65755362610021,0.145548550815632,False
-521,-742,8,"SEA BASE","CH-53K","Default",110000,110000,"FUEL",533.678019657316,0,20.0129257371493,10,1.45548550815632,0.145548550815632,False
-522,-749,9,"OBJ BLUE SUPPLY POINT","Mtruck","Default",274500,219600,"FUEL",1387.21363262205,0,49.5433440222162,28,55.061476130997,1.96648129039275,False
-523,-750,9,"OBJ BLUE SUPPLY POINT","Mtruck","Default",230000,184000,"FUEL",1135.62276014679,0,49.3749026150779,23,44.8416544426151,1.94963714967892,False
-524,-750,9,"OBJ BLUE SUPPLY POINT","Htruck","Default",29250,23400,"FUEL",197.499610460311,0,49.3749026150779,2,4.66012682894629,2.33006341447315,False
-525,-751,9,"OBJ BLUE SUPPLY POINT","Htruck","Default",217948,174358.4,"FUEL",880.825351978214,0,36.7010563324256,12,23.136493692702,1.9280411410585,False
-526,-752,9,"BSA SUPPLY POINT","Mtruck","Default",89280,71424,"FUEL",785.790107709826,0,87.3100119677584,9,31.7146320909892,3.52384801010991,False
-527,-753,9,"BSA SUPPLY POINT","Mtruck","Default",72540,58032,"FUEL",457.739470956096,0,57.217433869512,8,21.1784981588101,2.64731226985126,False
-528,-754,9,"OBJ BLUE SUPPLY POINT","Htruck","Default",79360,63488,"FUEL",267.588161635074,0,26.7588161635074,5,7.52714702700016,1.50542940540003,False
-529,-755,9,"OBJ BLUE SUPPLY POINT","Htruck","Default",48960,48960,"FUEL",495.433440222162,0,49.5433440222162,5,11.7345377759349,2.34690755518698,False
-530,-756,9,"OBJ BLUE SUPPLY POINT","Htruck","Default",46240,46240,"FUEL",493.749026150779,0,49.3749026150779,5,11.6503170723657,2.33006341447315,False
-531,-757,9,"OBJ BLUE SUPPLY POINT","Htruck","Default",79304,79304,"FUEL",513.814788653958,0,36.7010563324256,7,13.4962879874095,1.9280411410585,False
-532,-758,9,"BSA SUPPLY POINT","Mtruck","Default",26370,26370,"FUEL",286.08716934756,0,57.217433869512,5,13.2365613492563,2.64731226985126,False
-533,-759,9,"BSA SUPPLY POINT","Mtruck","Default",48960,48960,"FUEL",698.480095742068,0,87.3100119677584,8,28.1907840808793,3.52384801010991,False
-534,-760,9,"OBJ BLUE SUPPLY POINT","Htruck","Default",45000,43200,"FUEL",297.260064133297,0,49.5433440222162,3,7.04072266556094,2.34690755518698,False
-535,-761,9,"OBJ BLUE SUPPLY POINT","Htruck","Default",127216,122127.36,"FUEL",513.814788653958,0,36.7010563324256,7,13.4962879874095,1.9280411410585,False
-536,-762,9,"ANDONG SUPPLY DEPOT","Mtruck","Default",40000,38400,"FUEL",458.517015062965,0,114.629253765741,4,16.8805687461118,4.22014218652794,False
-537,-762,9,"ANDONG SUPPLY DEPOT","Htruck","Default",45000,43200,"FUEL",687.775522594447,0,114.629253765741,3,15.393066088392,5.131022029464,False
-538,-763,9,"OBJ BLUE SUPPLY POINT","Htruck","Default",97920,97920,"FUEL",481.658690943133,0,26.7588161635074,9,13.5488646486003,1.50542940540003,False
-539,-764,9,"BSA SUPPLY POINT","Mtruck","Default",10000,9600,"FUEL",87.3100119677584,0,87.3100119677584,1,3.52384801010991,3.52384801010991,False
-540,-764,9,"BSA SUPPLY POINT","Htruck","Default",36710,35241.6,"FUEL",349.240047871034,0,87.3100119677584,2,8.12414961374388,4.06207480687194,False
-541,-765,9,"OBJ BLUE SUPPLY POINT","Htruck","Default",93420,89683.2,"FUEL",267.588161635074,0,26.7588161635074,5,7.52714702700016,1.50542940540003,False
-542,-766,9,"BSA SUPPLY POINT","Htruck","Default",37440,35942.4,"FUEL",228.869735478048,0,57.217433869512,2,6.11447283759584,3.05723641879792,False
-543,-768,9,"ANDONG SUPPLY DEPOT","Htruck","Default",500000,400000,"FUEL",4576.52273710324,0,84.7504210574674,27,124.947810494467,4.62769668498025,False
-544,-769,9,"SEA BASE","CH-53K","Default",125000,120000,"FUEL",1707.76966290341,0,20.0129257371493,32,4.65755362610021,0.145548550815632,False
-545,-770,9,"ANDONG SUPPLY DEPOT","Htruck","Default",437000,419520,"FUEL",3898.5193686435,0,84.7504210574674,23,106.437023754546,4.62769668498025,False
-546,-770,9,"ANDONG SUPPLY DEPOT","CH-53K","Default",3000,2880,"FUEL",174.444841111393,0,65.4168154167723,1,0.475758657576525,0.475758657576525,False
-547,-771,9,"SEA BASE","CH-53K","Default",110000,110000,"FUEL",533.678019657316,0,20.0129257371493,10,1.45548550815632,0.145548550815632,False
-548,-772,9,"ANDONG SUPPLY DEPOT","CH-53K","Default",192000,192000,"FUEL",2791.11745778228,0,65.4168154167723,16,7.61213852122441,0.475758657576525,False
-549,-779,10,"OBJ BLUE SUPPLY POINT","Mtruck","Default",274500,219600,"FUEL",1662.16748928848,0,59.3631246174458,28,66.9451077223919,2.39089670437114,False
-550,-780,10,"OBJ BLUE SUPPLY POINT","Mtruck","Default",131750,105400,"FUEL",821.862279050146,0,58.7044485035819,14,32.5504073017864,2.32502909298474,False
-551,-780,10,"OBJ BLUE SUPPLY POINT","CH-53K","Default",124000,99200,"FUEL",3018.66325711764,0,36.5160877877134,31,8.2327179739572,0.265571547547006,False
-552,-781,10,"OBJ BLUE SUPPLY POINT","Htruck","Default",217948,174358.4,"FUEL",888.022485278547,0,37.0009368866061,12,23.4963503577186,1.95802919647655,False
-553,-782,10,"BSA SUPPLY POINT","Mtruck","Default",89280,71424,"FUEL",534.450942939047,0,59.3834381043385,9,21.4861488045387,2.38734986717096,False
-554,-783,10,"BSA SUPPLY POINT","Mtruck","Default",72540,58032,"FUEL",408.410714527316,0,51.0513393159145,8,16.2456225159321,2.03070281449152,False
-555,-784,10,"OBJ BLUE SUPPLY POINT","Htruck","Default",34290.7917660228,27432.6334128183,"FUEL",149.087503125182,0,37.2718757812954,2,3.97024617189096,1.98512308594548,False
-556,-788,10,"BSA SUPPLY POINT","Mtruck","Default",26370,26370,"FUEL",255.256696579573,0,51.0513393159145,5,10.1535140724576,2.03070281449152,False
-557,-789,10,"BSA SUPPLY POINT","Mtruck","Default",48960,48960,"FUEL",475.067504834708,0,59.3834381043385,8,19.0987989373677,2.38734986717096,False
-558,-792,10,"ANDONG SUPPLY DEPOT","CH-53K","Default",42500,40800,"FUEL",2789.33040884704,0,95.0908093925128,11,7.60726475140102,0.691569522854639,False
-559,-794,10,"BSA SUPPLY POINT","Mtruck","Default",46710,44841.6,"FUEL",296.917190521693,0,59.3834381043385,5,11.9367493358548,2.38734986717096,False
-560,-796,10,"BSA SUPPLY POINT","Mtruck","Default",37440,35942.4,"FUEL",204.205357263658,0,51.0513393159145,4,8.12281125796606,2.03070281449152,False
-561,-798,10,"ANDONG SUPPLY DEPOT","Mtruck","Default",40000,32000,"FUEL",339.00168422987,0,84.7504210574674,4,17.9499419759709,4.48748549399272,False
-562,-798,10,"ANDONG SUPPLY DEPOT","Htruck","Default",797990.068477235,638392.054781788,"FUEL",7119.03536882726,0,84.7504210574674,42,194.363260769171,4.62769668498025,False
-563,-799,10,"SEA BASE","CH-53K","Default",125000,120000,"FUEL",1707.76966290341,0,20.0129257371493,32,4.65755362610021,0.145548550815632,False
-564,-800,10,"ANDONG SUPPLY DEPOT","Htruck","Default",228000,218880,"FUEL",2034.01010537922,0,84.7504210574674,12,55.532360219763,4.62769668498025,False
-565,-800,10,"ANDONG SUPPLY DEPOT","CH-53K","Default",4000,3840,"FUEL",174.444841111393,0,65.4168154167723,1,0.475758657576525,0.475758657576525,False
-566,-801,10,"SEA BASE","CH-53K","Default",79950,79950,"FUEL",373.574613760121,0,20.0129257371493,7,1.01883985570942,0.145548550815632,False
-567,-809,11,"OBJ BLUE SUPPLY POINT","Mtruck","Default",253150,202520,"FUEL",1750.7638846898,0,67.3370724880692,26,66.0966087116936,2.54217725814206,False
-568,-810,11,"OBJ BLUE SUPPLY POINT","Mtruck","Default",120000,96000,"FUEL",825.168872645358,0,68.7640727204465,12,32.2185273765576,2.6848772813798,False
-569,-810,11,"OBJ BLUE SUPPLY POINT","Htruck","Default",33100,26480,"FUEL",275.056290881786,0,68.7640727204465,2,6.45158759337098,3.22579379668549,False
-570,-810,11,"OBJ BLUE SUPPLY POINT","CH-53K","Default",85250,68200,"FUEL",2632.84402355286,0,44.8780231287419,22,7.18048370059871,0.326385622754487,False
-571,-811,11,"OBJ BLUE SUPPLY POINT","Htruck","Default",153985,123188,"FUEL",1052.77588626094,0,58.487549236719,9,26.2653926274244,2.91837695860271,False
-572,-812,11,"BSA SUPPLY POINT","Mtruck","Default",89280,71424,"FUEL",534.450942939047,0,59.3834381043385,9,21.4861488045387,2.38734986717096,False
-573,-813,11,"BSA SUPPLY POINT","Mtruck","Default",72540,58032,"FUEL",408.410714527316,0,51.0513393159145,8,16.2456225159321,2.03070281449152,False
-574,-814,11,"OBJ BLUE SUPPLY POINT","Htruck","Default",124429.208233977,99543.3665871818,"FUEL",828.241613587786,0,59.1601152562704,7,20.899434923905,2.98563356055785,False
-575,-815,11,"OBJ BLUE SUPPLY POINT","Htruck","Default",94112,94112,"FUEL",3191.76320270268,0,177.320177927927,9,67.3417619193785,7.48241799104206,False
-576,-816,11,"OBJ BLUE SUPPLY POINT","Htruck","Default",88128,88128,"FUEL",2859.95485056487,0,178.747178160304,8,61.0009441142384,7.6251180142798,False
-577,-817,11,"OBJ BLUE SUPPLY POINT","Htruck","Default",68400,68400,"FUEL",701.850590840628,0,58.487549236719,6,17.5102617516163,2.91837695860271,False
-578,-817,11,"OBJ BLUE SUPPLY POINT","CH-53K","Default",48000,48000,"FUEL",369.678476145782,0,34.657357138667,4,1.00821402585213,0.252053506463033,False
-579,-818,11,"BSA SUPPLY POINT","Mtruck","Default",26370,26370,"FUEL",255.256696579573,0,51.0513393159145,5,10.1535140724576,2.03070281449152,False
-580,-819,11,"BSA SUPPLY POINT","Mtruck","Default",48960,48960,"FUEL",475.067504834708,0,59.3834381043385,8,19.0987989373677,2.38734986717096,False
-581,-822,11,"ANDONG SUPPLY DEPOT","CH-53K","Default",38500,36960,"FUEL",2804.9822796469,0,105.186835486759,10,7.64995167176427,0.764995167176427,False
-582,-824,11,"BSA SUPPLY POINT","Mtruck","Default",46710,44841.6,"FUEL",296.917190521693,0,59.3834381043385,5,11.9367493358548,2.38734986717096,False
-583,-826,11,"BSA SUPPLY POINT","Mtruck","Default",37440,35942.4,"FUEL",204.205357263658,0,51.0513393159145,4,8.12281125796606,2.03070281449152,False
-584,-827,11,"SEA BASE","CH-53K","Default",163994.308406666,131195.446725333,"FUEL",2188.07988059499,0,20.0129257371493,41,5.96749058344089,0.145548550815632,False
-585,-828,11,"ANDONG SUPPLY DEPOT","Mtruck","Default",40000,32000,"FUEL",339.00168422987,0,84.7504210574674,4,17.9499419759709,4.48748549399272,False
-586,-828,11,"ANDONG SUPPLY DEPOT","Htruck","Default",749028.594779883,599222.875823906,"FUEL",6780.03368459739,0,84.7504210574674,40,185.10786739921,4.62769668498025,False
-587,-829,11,"SEA BASE","CH-53K","Default",92760,89049.6,"FUEL",1280.82724717756,0,20.0129257371493,24,3.49316521957516,0.145548550815632,False
-588,-830,11,"ANDONG SUPPLY DEPOT","Htruck","Default",193636,185890.56,"FUEL",1864.50926326428,0,84.7504210574674,11,50.9046635347828,4.62769668498025,False
-589,-831,11,"SEA BASE","CH-53K","Default",75330,75330,"FUEL",373.574613760121,0,20.0129257371493,7,1.01883985570942,0.145548550815632,False
-590,-832,11,"ANDONG SUPPLY DEPOT","Htruck","Default",34200,34200,"FUEL",508.502526344804,0,84.7504210574674,3,13.8830900549408,4.62769668498025,False
-591,-832,11,"ANDONG SUPPLY DEPOT","CH-53K","Default",12000,12000,"FUEL",174.444841111393,0,65.4168154167723,1,0.475758657576525,0.475758657576525,False
-592,-839,12,"OBJ BLUE SUPPLY POINT","Mtruck","Default",268400,214720,"FUEL",2095.39713077585,0,77.6073011398465,27,80.591921186411,2.98488596986707,False
-593,-840,12,"OBJ BLUE SUPPLY POINT","Mtruck","Default",60000,48000,"FUEL",508.613450689333,0,84.7689084482222,6,19.150139758481,3.19168995974683,False
-594,-840,12,"OBJ BLUE SUPPLY POINT","Htruck","Default",77850,62280,"FUEL",847.689084482222,0,84.7689084482222,5,19.3921463048697,3.87842926097393,False
-595,-840,12,"OBJ BLUE SUPPLY POINT","CH-53K","Default",84000,67200,"FUEL",2940.7712322627,0,52.5137720046911,21,8.02028517889827,0.381918341852299,False
-596,-841,12,"OBJ BLUE SUPPLY POINT","Htruck","Default",196627,157301.6,"FUEL",1253.19659895663,0,56.963481770756,11,30.4256723320705,2.76597021200641,False
-597,-842,12,"BSA SUPPLY POINT","Mtruck","Default",89280,71424,"FUEL",534.450942939047,0,59.3834381043385,9,21.4861488045387,2.38734986717096,False
-598,-843,12,"BSA SUPPLY POINT","Mtruck","Default",72540,58032,"FUEL",408.410714527316,0,51.0513393159145,8,16.2456225159321,2.03070281449152,False
-599,-844,12,"OBJ BLUE SUPPLY POINT","Htruck","Default",79360,63488,"FUEL",590.534405130527,0,59.0534405130527,5,14.8748304311804,2.97496608623608,False
-600,-845,12,"OBJ BLUE SUPPLY POINT","Htruck","Default",47872,47872,"FUEL",1707.10219924403,0,170.710219924403,5,36.6391389517437,7.32782779034874,False
-601,-846,12,"OBJ BLUE SUPPLY POINT","Htruck","Default",45152,45152,"FUEL",1305.25661550754,0,163.157076938442,4,28.0558240023309,7.01395600058273,False
-602,-847,12,"OBJ BLUE SUPPLY POINT","Htruck","Default",90480,90480,"FUEL",911.415708332096,0,56.963481770756,8,22.1277616960512,2.76597021200641,False
-603,-848,12,"BSA SUPPLY POINT","Mtruck","Default",26370,26370,"FUEL",255.256696579573,0,51.0513393159145,5,10.1535140724576,2.03070281449152,False
-604,-849,12,"BSA SUPPLY POINT","Mtruck","Default",48960,48960,"FUEL",475.067504834708,0,59.3834381043385,8,19.0987989373677,2.38734986717096,False
-605,-850,12,"OBJ BLUE SUPPLY POINT","Htruck","Default",110000,105600,"FUEL",2048.52263909284,0,170.710219924403,6,43.9669667420924,7.32782779034874,False
-606,-851,12,"OBJ BLUE SUPPLY POINT","Htruck","Default",19000,18240,"FUEL",113.926963541512,0,56.963481770756,1,2.76597021200641,2.76597021200641,False
-607,-851,12,"OBJ BLUE SUPPLY POINT","CH-53K","Default",4000,3840,"FUEL",115.676699163795,0,43.3787621864232,1,0.315481906810351,0.315481906810351,False
-608,-854,12,"BSA SUPPLY POINT","Mtruck","Default",46710,44841.6,"FUEL",296.917190521693,0,59.3834381043385,5,11.9367493358548,2.38734986717096,False
-609,-856,12,"BSA SUPPLY POINT","Mtruck","Default",37440,35942.4,"FUEL",204.205357263658,0,51.0513393159145,4,8.12281125796606,2.03070281449152,False
-610,-857,12,"SEA BASE","CH-53K","Default",163994.308406666,131195.446725333,"FUEL",2188.07988059499,0,20.0129257371493,41,5.96749058344089,0.145548550815632,False
-611,-858,12,"ANDONG SUPPLY DEPOT","Mtruck","Default",40000,32000,"FUEL",339.00168422987,0,84.7504210574674,4,17.9499419759709,4.48748549399272,False
-612,-858,12,"ANDONG SUPPLY DEPOT","Htruck","Default",744402.305925849,595521.84474068,"FUEL",6780.03368459739,0,84.7504210574674,40,185.10786739921,4.62769668498025,False
-613,-859,12,"SEA BASE","CH-53K","Default",84150,80784,"FUEL",1174.09164324609,0,20.0129257371493,22,3.20206811794389,0.145548550815632,False
-614,-860,12,"SEA BASE","CH-53K","Default",75330,75330,"FUEL",373.574613760121,0,20.0129257371493,7,1.01883985570942,0.145548550815632,False
-615,-861,12,"ANDONG SUPPLY DEPOT","Htruck","Default",159600,159600,"FUEL",2373.01178960909,0,84.7504210574674,14,64.7877535897235,4.62769668498025,False
-616,-861,12,"ANDONG SUPPLY DEPOT","CH-53K","Default",204000,204000,"FUEL",2965.56229889368,0,65.4168154167723,17,8.08789717880093,0.475758657576525,False
-617,-868,13,"OBJ BLUE SUPPLY POINT","Mtruck","Default",268400,214720,"FUEL",2338.70254305478,0,86.6186127057327,27,91.169830408443,3.37666038549789,False
-618,-869,13,"OBJ BLUE SUPPLY POINT","Mtruck","Default",20000,16000,"FUEL",167.026894317004,0,83.5134471585022,2,6.13228766154967,3.06614383077484,False
-619,-869,13,"OBJ BLUE SUPPLY POINT","Htruck","Default",117850,94280,"FUEL",1169.18826021903,0,83.5134471585022,7,26.2701819240135,3.75288313200194,False
-620,-869,13,"OBJ BLUE SUPPLY POINT","CH-53K","Default",80000,64000,"FUEL",3072.74890222427,0,57.614041916705,20,8.38022427879345,0.419011213939673,False
-621,-870,13,"OBJ BLUE SUPPLY POINT","Htruck","Default",196627,157301.6,"FUEL",2004.60626755746,0,91.1184667071571,11,50.976044332223,4.63418584838391,False
-622,-871,13,"BSA SUPPLY POINT","Mtruck","Default",89280,71424,"FUEL",534.450942939047,0,59.3834381043385,9,21.4861488045387,2.38734986717096,False
-623,-872,13,"BSA SUPPLY POINT","Mtruck","Default",72540,58032,"FUEL",408.410714527316,0,51.0513393159145,8,16.2456225159321,2.03070281449152,False
-624,-873,13,"OBJ BLUE SUPPLY POINT","Htruck","Default",79360,63488,"FUEL",903.786808527885,0,90.3786808527885,5,22.8010363147353,4.56020726294706,False
-625,-874,13,"OBJ BLUE SUPPLY POINT","Htruck","Default",47872,47872,"FUEL",1650.06781195953,0,165.006781195953,5,35.9946321316689,7.19892642633379,False
-626,-875,13,"OBJ BLUE SUPPLY POINT","Htruck","Default",45152,45152,"FUEL",1295.21292518978,0,161.901615648722,4,27.553639486443,6.88840987161074,False
-627,-876,13,"OBJ BLUE SUPPLY POINT","Htruck","Default",71546,71546,"FUEL",1275.6585339002,0,91.1184667071571,7,32.4393009386874,4.63418584838391,False
-628,-877,13,"BSA SUPPLY POINT","Mtruck","Default",26370,26370,"FUEL",255.256696579573,0,51.0513393159145,5,10.1535140724576,2.03070281449152,False
-629,-878,13,"BSA SUPPLY POINT","Mtruck","Default",48960,48960,"FUEL",475.067504834708,0,59.3834381043385,8,19.0987989373677,2.38734986717096,False
-630,-883,13,"BSA SUPPLY POINT","Mtruck","Default",46710,44841.6,"FUEL",296.917190521693,0,59.3834381043385,5,11.9367493358548,2.38734986717096,False
-631,-885,13,"BSA SUPPLY POINT","Mtruck","Default",37440,35942.4,"FUEL",204.205357263658,0,51.0513393159145,4,8.12281125796606,2.03070281449152,False
-632,-887,13,"ANDONG SUPPLY DEPOT","Mtruck","Default",40000,32000,"FUEL",339.00168422987,0,84.7504210574674,4,17.9499419759709,4.48748549399272,False
-633,-887,13,"ANDONG SUPPLY DEPOT","Htruck","Default",740675.102727179,592540.082181743,"FUEL",6610.53284248246,0,84.7504210574674,39,180.48017071423,4.62769668498025,False
-634,-888,13,"SEA BASE","CH-53K","Default",76000,72960,"FUEL",1013.9882373489,0,20.0129257371493,19,2.765422465497,0.145548550815632,False
-635,-889,13,"ANDONG SUPPLY DEPOT","Htruck","Default",133000,127680,"FUEL",1186.50589480454,0,84.7504210574674,7,32.3938767948618,4.62769668498025,False
-636,-891,13,"ANDONG SUPPLY DEPOT","Htruck","Default",91200,91200,"FUEL",1356.00673691948,0,84.7504210574674,8,37.021573479842,4.62769668498025,False
-637,-891,13,"ANDONG SUPPLY DEPOT","CH-53K","Default",204000,204000,"FUEL",2965.56229889368,0,65.4168154167723,17,8.08789717880093,0.475758657576525,False
-638,-898,14,"OBJ BLUE SUPPLY POINT","Mtruck","Default",268400,214720,"FUEL",2682.50826388015,0,99.352157921487,27,99.0822685984806,3.66971365179558,False
-639,-899,14,"OBJ BLUE SUPPLY POINT","Htruck","Default",137850,110280,"FUEL",1542.95976825258,0,96.4349855157864,8,33.5635403719172,4.19544254648965,False
-640,-899,14,"OBJ BLUE SUPPLY POINT","CH-53K","Default",64000,51200,"FUEL",2951.08816287342,0,69.1661288173458,16,8.04842226238206,0.503026391398879,False
-641,-900,14,"OBJ BLUE SUPPLY POINT","Htruck","Default",196627,157301.6,"FUEL",1817.56249990812,0,82.616477268551,11,41.6238559497563,3.7839869045233,False
-642,-901,14,"BSA SUPPLY POINT","Mtruck","Default",89280,71424,"FUEL",534.450942939047,0,59.3834381043385,9,21.4861488045387,2.38734986717096,False
-643,-902,14,"BSA SUPPLY POINT","Mtruck","Default",72540,58032,"FUEL",408.410714527316,0,51.0513393159145,8,16.2456225159321,2.03070281449152,False
-644,-903,14,"OBJ BLUE SUPPLY POINT","Htruck","Default",79360,63488,"FUEL",831.593402215801,0,83.1593402215801,5,19.1913659991311,3.83827319982622,False
-645,-904,14,"OBJ BLUE SUPPLY POINT","Htruck","Default",47872,47872,"FUEL",1494.2051237035,0,149.42051237035,5,32.4494698250712,6.48989396501424,False
-646,-905,14,"OBJ BLUE SUPPLY POINT","Htruck","Default",45152,45152,"FUEL",1172.0267197172,0,146.50333996465,4,24.7927068977767,6.19817672444418,False
-647,-906,14,"OBJ BLUE SUPPLY POINT","Htruck","Default",71546,71546,"FUEL",1156.63068175971,0,82.616477268551,7,26.4879083316631,3.7839869045233,False
-648,-907,14,"BSA SUPPLY POINT","Mtruck","Default",26370,26370,"FUEL",255.256696579573,0,51.0513393159145,5,10.1535140724576,2.03070281449152,False
-649,-908,14,"BSA SUPPLY POINT","Mtruck","Default",48960,48960,"FUEL",475.067504834708,0,59.3834381043385,8,19.0987989373677,2.38734986717096,False
-650,-909,14,"OBJ BLUE SUPPLY POINT","Htruck","Default",57000,54720,"FUEL",896.523074222102,0,149.42051237035,3,19.4696818950427,6.48989396501424,False
-651,-911,14,"ANDONG SUPPLY DEPOT","Htruck","Default",124500,119520,"FUEL",3653.23167797963,0,260.945119855688,7,76.7664274233501,10.96663248905,False
-652,-913,14,"BSA SUPPLY POINT","Mtruck","Default",46710,44841.6,"FUEL",296.917190521693,0,59.3834381043385,5,11.9367493358548,2.38734986717096,False
-653,-915,14,"BSA SUPPLY POINT","Mtruck","Default",37440,35942.4,"FUEL",204.205357263658,0,51.0513393159145,4,8.12281125796606,2.03070281449152,False
-654,-917,14,"ANDONG SUPPLY DEPOT","Mtruck","Default",40000,32000,"FUEL",339.00168422987,0,84.7504210574674,4,17.9499419759709,4.48748549399272,False
-655,-917,14,"ANDONG SUPPLY DEPOT","Htruck","Default",703000,562400,"FUEL",6271.53115825259,0,84.7504210574674,37,171.224777344269,4.62769668498025,False
-656,-917,14,"ANDONG SUPPLY DEPOT","CH-53K","Default",33113.99894695,26491.19915756,"FUEL",1570.00357000253,0,65.4168154167723,9,4.28182791818873,0.475758657576525,False
-657,-920,14,"ANDONG SUPPLY DEPOT","CH-53K","Default",96000,96000,"FUEL",1395.55872889114,0,65.4168154167723,8,3.8060692606122,0.475758657576525,False
-658,-927,15,"OBJ BLUE SUPPLY POINT","Mtruck","Default",260000,208000,"FUEL",2791.13465940873,0,107.351333054182,26,98.4156022624057,3.78521547163099,False
-659,-927,15,"OBJ BLUE SUPPLY POINT","Htruck","Default",8400,6720,"FUEL",214.702666108364,0,107.351333054182,1,4.69391703268633,4.69391703268633,False
-660,-928,15,"OBJ BLUE SUPPLY POINT","Htruck","Default",137850,110280,"FUEL",1700.2203918756,0,106.263774492225,8,36.681289411925,4.58516117649063,False
-661,-928,15,"OBJ BLUE SUPPLY POINT","CH-53K","Default",60000,48000,"FUEL",3058.72159726275,0,76.4680399315687,15,8.34196799253477,0.556131199502318,False
-662,-929,15,"OBJ BLUE SUPPLY POINT","Htruck","Default",196627,157301.6,"FUEL",1916.92682946213,0,87.1330377028243,11,46.5920724274569,4.23564294795063,False
-663,-930,15,"BSA SUPPLY POINT","Mtruck","Default",89280,71424,"FUEL",534.450942939047,0,59.3834381043385,9,21.4861488045387,2.38734986717096,False
-664,-931,15,"BSA SUPPLY POINT","Mtruck","Default",72540,58032,"FUEL",408.410714527316,0,51.0513393159145,8,16.2456225159321,2.03070281449152,False
-665,-932,15,"OBJ BLUE SUPPLY POINT","Htruck","Default",79360,63488,"FUEL",873.567711167959,0,87.3567711167959,5,21.290081446739,4.25801628934779,False
-666,-933,15,"OBJ BLUE SUPPLY POINT","Htruck","Default",47872,47872,"FUEL",1376.47678581616,0,137.647678581616,5,29.5288542689184,5.90577085378369,False
-667,-934,15,"OBJ BLUE SUPPLY POINT","Htruck","Default",45152,45152,"FUEL",1092.48096015727,0,136.560120019659,4,23.188059990352,5.79701499758799,False
-668,-935,15,"OBJ BLUE SUPPLY POINT","Htruck","Default",71546,71546,"FUEL",1219.86252783954,0,87.1330377028243,7,29.6495006356544,4.23564294795063,False
-669,-936,15,"BSA SUPPLY POINT","Mtruck","Default",26370,26370,"FUEL",255.256696579573,0,51.0513393159145,5,10.1535140724576,2.03070281449152,False
-670,-937,15,"BSA SUPPLY POINT","Mtruck","Default",48960,48960,"FUEL",475.067504834708,0,59.3834381043385,8,19.0987989373677,2.38734986717096,False
-671,-938,15,"OBJ BLUE SUPPLY POINT","Htruck","Default",19000,18240,"FUEL",275.295357163232,0,137.647678581616,1,5.90577085378369,5.90577085378369,False
-672,-940,15,"ANDONG SUPPLY DEPOT","Htruck","Default",41500,39840,"FUEL",1506.01139946418,0,251.001899910697,3,31.6964122865815,10.5654707621938,False
-673,-942,15,"BSA SUPPLY POINT","Mtruck","Default",46710,44841.6,"FUEL",296.917190521693,0,59.3834381043385,5,11.9367493358548,2.38734986717096,False
-674,-944,15,"BSA SUPPLY POINT","Mtruck","Default",37440,35942.4,"FUEL",204.205357263658,0,51.0513393159145,4,8.12281125796606,2.03070281449152,False
-675,-946,15,"ANDONG SUPPLY DEPOT","Mtruck","Default",40000,32000,"FUEL",339.00168422987,0,84.7504210574674,4,17.9499419759709,4.48748549399272,False
-676,-946,15,"ANDONG SUPPLY DEPOT","Htruck","Default",720782.097696533,576625.678157226,"FUEL",6441.03200036752,0,84.7504210574674,38,175.85247402925,4.62769668498025,False
-677,-948,15,"ANDONG SUPPLY DEPOT","Htruck","Default",57000,54720,"FUEL",508.502526344804,0,84.7504210574674,3,13.8830900549408,4.62769668498025,False
-678,-950,15,"ANDONG SUPPLY DEPOT","Htruck","Default",68400,68400,"FUEL",1017.00505268961,0,84.7504210574674,6,27.7661801098815,4.62769668498025,False
-679,-950,15,"ANDONG SUPPLY DEPOT","CH-53K","Default",204000,204000,"FUEL",2965.56229889368,0,65.4168154167723,17,8.08789717880093,0.475758657576525,False
-680,-957,16,"OBJ BLUE SUPPLY POINT","Mtruck","Default",240000,192000,"FUEL",2807.46041295133,0,116.977517206306,24,96.9057558055331,4.03773982523055,False
-681,-957,16,"OBJ BLUE SUPPLY POINT","Htruck","Default",28400,22720,"FUEL",467.910068825222,0,116.977517206306,2,10.0822411890019,5.04112059450093,False
-682,-958,16,"OBJ BLUE SUPPLY POINT","Htruck","Default",137850,110280,"FUEL",1879.82463150475,0,117.489039469047,8,40.7381825662005,5.09227282077506,False
-683,-958,16,"OBJ BLUE SUPPLY POINT","CH-53K","Default",56000,44800,"FUEL",3065.08939969272,0,82.1006089203407,14,8.35933472643469,0.597095337602478,False
-684,-959,16,"OBJ BLUE SUPPLY POINT","Htruck","Default",196627,157301.6,"FUEL",2604.28771335001,0,118.376714243182,11,62.6911888467868,5.69919898607153,False
-685,-960,16,"BSA SUPPLY POINT","Mtruck","Default",7996.02188316052,6396.81750652842,"FUEL",59.3834381043385,0,59.3834381043385,1,2.38734986717096,2.38734986717096,False
-686,-962,16,"OBJ BLUE SUPPLY POINT","Htruck","Default",79360,63488,"FUEL",1169.05830714279,0,116.905830714279,5,27.7605531659059,5.55211063318118,False
-687,-963,16,"OBJ BLUE SUPPLY POINT","Htruck","Default",47872,47872,"FUEL",1267.60034287148,0,126.760034287148,5,27.162106388673,5.43242127773461,False
-688,-964,16,"OBJ BLUE SUPPLY POINT","Htruck","Default",45152,45152,"FUEL",1018.17245239911,0,127.271556549889,4,21.934294016035,5.48357350400874,False
-689,-965,16,"OBJ BLUE SUPPLY POINT","Htruck","Default",11400,11400,"FUEL",236.753428486365,0,118.376714243182,1,5.69919898607153,5.69919898607153,False
-690,-970,16,"ANDONG SUPPLY DEPOT","Mtruck","Default",20000,19200,"FUEL",483.426672881854,0,241.713336440927,2,16.3850923950115,8.19254619750575,False
-691,-970,16,"ANDONG SUPPLY DEPOT","Htruck","Default",21500,20640,"FUEL",966.853345763707,0,241.713336440927,2,20.5040585372292,10.2520292686146,False
-692,-976,16,"ANDONG SUPPLY DEPOT","Htruck","Default",756756.389486262,605405.111589009,"FUEL",6780.03368459739,0,84.7504210574674,40,185.10786739921,4.62769668498025,False
-693,-978,16,"ANDONG SUPPLY DEPOT","Htruck","Default",19000,18240,"FUEL",169.500842114935,0,84.7504210574674,1,4.62769668498025,4.62769668498025,False
-694,-980,16,"ANDONG SUPPLY DEPOT","Htruck","Default",91200,91200,"FUEL",1356.00673691948,0,84.7504210574674,8,37.021573479842,4.62769668498025,False
-695,-980,16,"ANDONG SUPPLY DEPOT","CH-53K","Default",204000,204000,"FUEL",2965.56229889368,0,65.4168154167723,17,8.08789717880093,0.475758657576525,False
-696,-987,17,"OBJ YELLOW SUPPLY POINT","Mtruck","Default",268400,214720,"FUEL",1483.95673646927,0,54.9613606099731,27,49.7191806938445,1.84145113680906,False
-697,-988,17,"OBJ BLUE SUPPLY POINT","Mtruck","Default",220000,176000,"FUEL",2600.38466441647,0,118.199302928021,22,97.4869911262797,4.43122686937635,False
-698,-988,17,"OBJ BLUE SUPPLY POINT","Htruck","Default",265650,212520,"FUEL",3309.5804819846,0,118.199302928021,14,73.4178156834319,5.24412969167371,False
-699,-989,17,"OBJ YELLOW SUPPLY POINT","Htruck","Default",196627,157301.6,"FUEL",1388.69700003542,0,63.1225909107007,11,29.782910599477,2.70753732722518,False
-700,-991,17,"OBJ YELLOW SUPPLY POINT","Htruck","Default",31855.7834982141,25484.6267985713,"FUEL",244.562765281236,0,61.1406913203089,2,5.01869473637199,2.509347368186,False
-701,-991,17,"OBJ BLUE SUPPLY POINT","Htruck","Default",47504.2165017859,38003.3732014287,"FUEL",645.159594071261,0,107.526599011877,3,13.8425623888229,4.61418746294098,False
-702,-993,17,"OBJ BLUE SUPPLY POINT","Htruck","Default",47872,47872,"FUEL",1159.24873730932,0,115.924873730932,5,25.0834338598239,5.01668677196478,False
-703,-994,17,"OBJ BLUE SUPPLY POINT","Htruck","Default",45152,45152,"FUEL",945.594423424172,0,118.199302928021,4,20.9765187666948,5.24412969167371,False
-704,-995,17,"OBJ BLUE SUPPLY POINT","Htruck","Default",45600,45600,"FUEL",876.067988818149,0,109.508498602269,4,19.2495096879206,4.81237742198016,False
-705,-995,17,"OBJ YELLOW SUPPLY POINT","CH-53K","Default",86092,86092,"FUEL",928.296797158903,0,43.5139123668236,8,2.5317185377061,0.316464817213262,False
-706,-996,17,"OBJ YELLOW SUPPLY POINT","CH-53K","Default",72000,69120,"FUEL",2147.29852994118,0,44.7353860404412,18,5.8562687180214,0.3253482621123,False
-707,-997,17,"ANDONG SUPPLY DEPOT","Mtruck","Default",20000,19200,"FUEL",391.8610439858,0,195.9305219929,2,13.8151861055337,6.90759305276684,False
-708,-997,17,"ANDONG SUPPLY DEPOT","Htruck","Default",21500,20640,"FUEL",783.722087971599,0,195.9305219929,2,17.0883260464663,8.54416302323316,False
-709,-1006,17,"OBJ BLUE SUPPLY POINT","Htruck","Default",253616.081339784,202892.865071827,"FUEL",2070.79675659146,0,73.9570270211236,14,45.3415707793186,3.23868362709418,False
-710,-1006,17,"OBJ BLUE SUPPLY POINT","CH-53K","Default",92000,73600,"FUEL",2988.95648273009,0,48.7329861314689,23,8.1516994983548,0.354421717319774,False
-711,-1011,17,"ANDONG SUPPLY DEPOT","Mtruck","Default",10000,8000,"FUEL",84.7504210574674,0,84.7504210574674,1,4.48748549399272,4.48748549399272,False
-712,-1011,17,"ANDONG SUPPLY DEPOT","Htruck","Default",742753.156757224,594202.525405779,"FUEL",6780.03368459739,0,84.7504210574674,40,185.10786739921,4.62769668498025,False
-713,-1015,17,"ANDONG SUPPLY DEPOT","Htruck","Default",114000,114000,"FUEL",1695.00842114935,0,84.7504210574674,10,46.2769668498025,4.62769668498025,False
-714,-1015,17,"ANDONG SUPPLY DEPOT","CH-53K","Default",204000,204000,"FUEL",2965.56229889368,0,65.4168154167723,17,8.08789717880093,0.475758657576525,False
-715,-1019,18,"OBJ YELLOW SUPPLY POINT","Mtruck","Default",250000,200000,"FUEL",1516.36157737094,0,60.6544630948377,25,48.2314402610134,1.92925761044054,False
-716,-1019,18,"OBJ YELLOW SUPPLY POINT","Htruck","Default",18400,14720,"FUEL",121.308926189675,0,60.6544630948377,1,2.46469931115113,2.46469931115113,False
-717,-1020,18,"OBJ BLUE SUPPLY POINT","Mtruck","Default",220000,176000,"FUEL",2712.90699701847,0,123.313954409931,22,98.1461413396705,4.4611882427123,False
-718,-1020,18,"OBJ BLUE SUPPLY POINT","Htruck","Default",33150,26520,"FUEL",493.255817639722,0,123.313954409931,2,10.6444828849903,5.32224144249515,False
-719,-1021,18,"OBJ YELLOW SUPPLY POINT","Htruck","Default",196627,157301.6,"FUEL",1540.46553206258,0,70.0211605482991,11,37.3713372008352,3.39739429098502,False
-720,-1023,18,"OBJ YELLOW SUPPLY POINT","Htruck","Default",79360,63488,"FUEL",685.033182663116,0,68.5033182663116,5,16.2280503139313,3.24561006278627,False
-721,-1025,18,"OBJ YELLOW SUPPLY POINT","Htruck","Default",47872,47872,"FUEL",606.544630948377,0,60.6544630948377,5,12.3234965557557,2.46469931115113,False
-722,-1026,18,"OBJ YELLOW SUPPLY POINT","Htruck","Default",45152,45152,"FUEL",498.803530311772,0,62.3504412889715,4,10.5371885222581,2.63429713056452,False
-723,-1027,18,"OBJ YELLOW SUPPLY POINT","Htruck","Default",71546,71546,"FUEL",980.296247676187,0,70.0211605482991,7,23.7817600368951,3.39739429098502,False
-724,-1028,18,"OBJ YELLOW SUPPLY POINT","Htruck","Default",82000,78720,"FUEL",606.544630948377,0,60.6544630948377,5,12.3234965557557,2.46469931115113,False
-725,-1029,18,"ANDONG SUPPLY DEPOT","Mtruck","Default",20000,19200,"FUEL",402.090346949618,0,201.045173474809,2,13.8751088522056,6.93755442610279,False
-726,-1029,18,"ANDONG SUPPLY DEPOT","Htruck","Default",21500,20640,"FUEL",804.180693899236,0,201.045173474809,2,17.2445495481092,8.6222747740546,False
-727,-1030,18,"OBJ YELLOW SUPPLY POINT","Htruck","Default",96000,92160,"FUEL",840.253926579589,0,70.0211605482991,6,20.3843657459101,3.39739429098502,False
-728,-1030,18,"OBJ BLUE SUPPLY POINT","Htruck","Default",107184,102896.64,"FUEL",1396.8848188784,0,116.407068239867,6,33.01340631444,5.50223438574,False
-729,-1031,18,"OBJ YELLOW SUPPLY POINT","Htruck","Default",45600,45600,"FUEL",548.026546130493,0,68.5033182663116,4,12.9824402511451,3.24561006278627,False
-730,-1031,18,"OBJ BLUE SUPPLY POINT","Htruck","Default",52320,52320,"FUEL",1148.89225957879,0,114.889225957879,5,26.7522507877062,5.35045015754125,False
-731,-1036,18,"OBJ BLUE SUPPLY POINT","Htruck","Default",93420,89683.2,"FUEL",1148.89225957879,0,114.889225957879,5,26.7522507877062,5.35045015754125,False
-732,-1038,18,"OBJ BLUE SUPPLY POINT","Htruck","Default",347467.383187624,277973.906550099,"FUEL",2810.3670268027,0,73.9570270211236,19,61.5349889147895,3.23868362709418,False
-733,-1038,18,"OBJ BLUE SUPPLY POINT","CH-53K","Default",92000,73600,"FUEL",2988.95648273009,0,48.7329861314689,23,8.1516994983548,0.354421717319774,False
-734,-1043,18,"ANDONG SUPPLY DEPOT","Mtruck","Default",10000,8000,"FUEL",84.7504210574674,0,84.7504210574674,1,4.48748549399272,4.48748549399272,False
-735,-1043,18,"ANDONG SUPPLY DEPOT","Htruck","Default",883366.086970915,706692.869576732,"FUEL",7966.53957940193,0,84.7504210574674,47,217.501744194072,4.62769668498025,False
-736,-1047,18,"ANDONG SUPPLY DEPOT","Htruck","Default",34200,34200,"FUEL",508.502526344804,0,84.7504210574674,3,13.8830900549408,4.62769668498025,False
-737,-1047,18,"ANDONG SUPPLY DEPOT","CH-53K","Default",204000,204000,"FUEL",2965.56229889368,0,65.4168154167723,17,8.08789717880093,0.475758657576525,False
-738,-1051,19,"OBJ YELLOW SUPPLY POINT","Mtruck","Default",210000,168000,"FUEL",1364.59596141032,0,64.9807600671583,21,49.5996334611246,2.3618873076726,False
-739,-1051,19,"OBJ YELLOW SUPPLY POINT","Htruck","Default",58400,46720,"FUEL",519.846080537266,0,64.9807600671583,4,11.5893160335328,2.8973290083832,False
-740,-1052,19,"OBJ BLUE SUPPLY POINT","Mtruck","Default",210000,168000,"FUEL",2649.68565385362,0,126.175507326363,21,99.6942142214662,4.74734353435553,False
-741,-1052,19,"OBJ BLUE SUPPLY POINT","Htruck","Default",43150,34520,"FUEL",757.053043958178,0,126.175507326363,3,16.8251902024152,5.60839673413838,False
-742,-1053,19,"OBJ YELLOW SUPPLY POINT","Htruck","Default",196627,157301.6,"FUEL",1678.17988157433,0,76.2809037079239,11,37.5925933281044,3.41750848437313,False
-743,-1056,19,"OBJ YELLOW SUPPLY POINT","Htruck","Default",79360,63488,"FUEL",749.128537047635,0,74.9128537047635,5,16.4035174202854,3.28070348405709,False
-744,-1057,19,"OBJ YELLOW SUPPLY POINT","Htruck","Default",47872,47872,"FUEL",649.807600671583,0,64.9807600671583,5,14.486645041916,2.8973290083832,False
-745,-1058,19,"OBJ YELLOW SUPPLY POINT","Htruck","Default",5866,5866,"FUEL",130.423988410808,0,65.2119942054039,1,2.92045242220776,2.92045242220776,False
-746,-1058,19,"OBJ YELLOW SUPPLY POINT","CH-53K","Default",22800,22800,"FUEL",306.952154059743,0,57.5535288862017,2,0.837142238344752,0.418571119172376,False
-747,-1060,19,"OBJ YELLOW SUPPLY POINT","CH-53K","Default",44000,42240,"FUEL",1669.29143621501,0,56.9076625982391,11,4.55261300785913,0.413873909805375,False
-748,-1063,19,"OBJ YELLOW SUPPLY POINT","CH-53K","Default",24000,23040,"FUEL",959.817498983821,0,59.9885936864888,6,2.61768408813769,0.436280681356282,False
-749,-1064,19,"ANDONG SUPPLY DEPOT","Mtruck","Default",20000,19200,"FUEL",407.813452782483,0,203.906726391241,2,14.447419435492,7.22370971774602,False
-750,-1064,19,"ANDONG SUPPLY DEPOT","Htruck","Default",21500,20640,"FUEL",815.626905564965,0,203.906726391241,2,17.8168601313957,8.90843006569784,False
-751,-1070,19,"OBJ BLUE SUPPLY POINT","Htruck","Default",356450,285160,"FUEL",2810.3670268027,0,73.9570270211236,19,61.5349889147895,3.23868362709418,False
-752,-1070,19,"OBJ BLUE SUPPLY POINT","CH-53K","Default",92000,73600,"FUEL",2988.95648273009,0,48.7329861314689,23,8.1516994983548,0.354421717319774,False
-753,-1072,19,"OBJ BLUE SUPPLY POINT","Htruck","Default",275000,264000,"FUEL",5011.79837417042,0,167.059945805681,15,104.442005677147,6.96280037847646,False
-754,-1074,19,"OBJ BLUE SUPPLY POINT","Htruck","Default",22800,22800,"FUEL",668.239783222722,0,167.059945805681,2,13.9256007569529,6.96280037847646,False
-755,-1075,19,"ANDONG SUPPLY DEPOT","Mtruck","Default",10000,8000,"FUEL",84.7504210574674,0,84.7504210574674,1,4.48748549399272,4.48748549399272,False
-756,-1075,19,"ANDONG SUPPLY DEPOT","Htruck","Default",695317.538849851,556254.031079881,"FUEL",6271.53115825259,0,84.7504210574674,37,171.224777344269,4.62769668498025,False
-757,-1076,19,"ANDONG SUPPLY DEPOT","Htruck","Default",200604,192579.84,"FUEL",1864.50926326428,0,84.7504210574674,11,50.9046635347828,4.62769668498025,False
-758,-1079,19,"ANDONG SUPPLY DEPOT","Htruck","Default",22800,22800,"FUEL",339.00168422987,0,84.7504210574674,2,9.2553933699605,4.62769668498025,False
-759,-1079,19,"ANDONG SUPPLY DEPOT","CH-53K","Default",204000,204000,"FUEL",2965.56229889368,0,65.4168154167723,17,8.08789717880093,0.475758657576525,False
