Day,UnitName,SupplyType,UnitType,RequiredDaysSupply,RequiredAmount,RequestedAmount,FilledAmount,UnfilledAmount,OnHandAmount,RequestedDOS,FilledDOS,UnfilledDOS,OnHandDOS,AverageFuelSpend,AverageDistance,AverageTravelTime
0,"US BDE MECH","WATER",,2.5,125000,125000,125000,0,125000,2.5,2.5,0,2.5,0.000819250231264919,5.12031394540575,0.29955757255577
0,"US BDE MECH","DRY_BULK",,2.5,136000,136000,136000,0,136000,2.5,2.5,0,2.5,0.000376493672456305,2.07071519850968,0.121144606548289
0,"US BDE MECH","FUEL",,2.5,762500,762500,762500,0,762500,2.5,2.5,0,2.5,0.000906547387055444,8.81365515192792,0.491550471764589
0,"ALLIED BDE MECH","WATER",,3,150000,150000,150000,0,150000,3,3,0,3,0.000757946101813395,4.73716313633372,0.29983743410691
0,"ALLIED BDE MECH","DRY_BULK",,3,163200,163200,163200,0,163200,3,3,0,3,0.00139328327539227,6.65292763999809,0.421095219958969
0,"ALLIED BDE MECH","FUEL",,3,915000,915000,915000,0,915000,3,3,0,3,0.000559140566911521,5.12545519668894,0.324414272968132
0,"ALLIED DIV INF","WATER",,2,244800,250000,250000,0,250000,2.04248366013072,2.04248366013072,0,2.04248366013072,0,0,0
0,"ALLIED DIV INF","DRY_BULK",,2,172400,172400,172400,0,172400,2,2,0,2,0.00274794674669437,14.151925745476,1.19570918565403
0,"ALLIED DIV INF","FUEL",,2,473800,473800,473800,0,473800,2,2,0,2,0.000812407430441564,7.73661845297428,0.640342004656413
0,"US BDE STRYKER","WATER",,2.25,99258.75,100000,100000,0,100000,2.26680267482716,2.26680267482716,0,2.26680267482716,0,0,0
0,"US BDE STRYKER","DRY_BULK",,2.25,104040,104040,104040,0,104040,2.25,2.25,0,2.25,0.000417325996575077,0.842998513081656,0.0664681521448007
0,"US BDE STRYKER","FUEL",,2.25,189720,189720,189720,0,189720,2.25,2.25,0,2.25,0.000228856191670204,1.6843815706927,0.132808929996127
0,"US MEB","WATER",,1.5,0,0,0,0,0,,,,,0,0,0
0,"US MEB","DRY_BULK",,1.5,0,0,0,0,0,,,,,0,0,0
0,"US MEB","FUEL",,1.5,0,0,0,0,0,,,,,0,0,0
0,"ALLIED MEB","WATER",,1.5,0,0,0,0,0,,,,,0,0,0
0,"ALLIED MEB","DRY_BULK",,1.5,0,0,0,0,0,,,,,0,0,0
0,"ALLIED MEB","FUEL",,1.5,0,0,0,0,0,,,,,0,0,0
0,"BSA SUPPLY POINT","WATER",,0,0,0,0,0,0,,,,,0,0,0
0,"BSA SUPPLY POINT","DRY_BULK",,0,0,0,0,0,0,,,,,0,0,0
0,"BSA SUPPLY POINT","FUEL",,0,0,0,0,0,0,,,,,0,0,0
0,"OBJ BLUE SUPPLY POINT","WATER",,0,0,0,0,0,0,,,,,0,0,0
0,"OBJ BLUE SUPPLY POINT","DRY_BULK",,0,0,0,0,0,0,,,,,0,0,0
0,"OBJ BLUE SUPPLY POINT","FUEL",,0,0,0,0,0,0,,,,,0,0,0
0,"OBJ YELLOW SUPPLY POINT","WATER",,0,0,0,0,0,0,,,,,0,0,0
0,"OBJ YELLOW SUPPLY POINT","DRY_BULK",,0,0,0,0,0,0,,,,,0,0,0
0,"OBJ YELLOW SUPPLY POINT","FUEL",,0,0,0,0,0,0,,,,,0,0,0
0,"MINESWEEP","WATER",,5,0,0,0,0,0,,,,,0,0,0
0,"MINESWEEP","DRY_BULK",,5,0,0,0,0,0,,,,,0,0,0
0,"MINESWEEP","FUEL",,5,0,0,0,0,0,,,,,0,0,0
1,"US BDE MECH","WATER",,2.5,125000,50000,50000,0,125000,1,1,0,2.5,0.00191302997942899,14.9178537061604,0.94699176656165
1,"US BDE MECH","DRY_BULK",,2.5,136000,54400,54400,0,136000,1,1,0,2.5,0.00240340821430411,13.0880944580228,0.839943986957161
1,"US BDE MECH","FUEL",,2.5,762500,305000,305000,0,762500,1,1,0,2.5,0.00178675233664423,17.1338584300737,1.01139864829103
1,"ALLIED BDE MECH","WATER",,3,150000,50000,50000,0,150000,1,1,0,3,0.00188592338863432,14.6633253194341,0.862298248423275
1,"ALLIED BDE MECH","DRY_BULK",,3,163200,54400,54400,0,163200,1,1,0,3,0.00304378503197933,15.9405016552103,0.943136772324648
1,"ALLIED BDE MECH","FUEL",,3,915000,305000,305000,0,915000,1,1,0,3,0.00165530910942908,14.9221866930042,0.87868280766409
1,"ALLIED DIV INF","WATER",,2,244800,117200,117200,0,244800,0.957516339869281,0.957516339869281,0,2,0.00198091451889442,16.5830844010304,1.05416316128911
1,"ALLIED DIV INF","DRY_BULK",,2,172400,86200,86200,0,172400,1,1,0,2,0.00458860959625307,24.3948155236435,1.69878949847366
1,"ALLIED DIV INF","FUEL",,2,473800,236900,236900,0,473800,1,1,0,2,0.00230696424254684,21.1871618773926,1.42110590797485
1,"US BDE STRYKER","WATER",,2.25,99258.75,43373.75,43373.75,0,99258.75,0.983197325172844,0.983197325172844,0,2.25,0.001378367268569,9.96415955251574,0.795751764832391
1,"US BDE STRYKER","DRY_BULK",,2.25,104040,46240,46240,0,104040,1,1,0,2.25,0.0024235530834342,10.6027778494211,0.846277778150971
1,"US BDE STRYKER","FUEL",,2.25,189720,84320,84320,0,189720,1,1,0,2.25,0.00132904523930263,11.0702128814273,0.883133765846152
1,"US MEB","WATER",,1.5,0,0,0,0,0,,,,,0,0,0
1,"US MEB","DRY_BULK",,1.5,0,0,0,0,0,,,,,0,0,0
1,"US MEB","FUEL",,1.5,0,0,0,0,0,,,,,0,0,0
1,"ALLIED MEB","WATER",,1.5,0,0,0,0,0,,,,,0,0,0
1,"ALLIED MEB","DRY_BULK",,1.5,0,0,0,0,0,,,,,0,0,0
1,"ALLIED MEB","FUEL",,1.5,0,0,0,0,0,,,,,0,0,0
1,"BSA SUPPLY POINT","WATER",,0,0,0,0,0,0,,,,,0,0,0
1,"BSA SUPPLY POINT","DRY_BULK",,0,0,0,0,0,0,,,,,0,0,0
1,"BSA SUPPLY POINT","FUEL",,0,0,0,0,0,0,,,,,0,0,0
1,"OBJ BLUE SUPPLY POINT","WATER",,0,0,0,0,0,0,,,,,0,0,0
1,"OBJ BLUE SUPPLY POINT","DRY_BULK",,0,0,0,0,0,0,,,,,0,0,0
1,"OBJ BLUE SUPPLY POINT","FUEL",,0,0,0,0,0,0,,,,,0,0,0
1,"OBJ YELLOW SUPPLY POINT","WATER",,0,0,0,0,0,0,,,,,0,0,0
1,"OBJ YELLOW SUPPLY POINT","DRY_BULK",,0,0,0,0,0,0,,,,,0,0,0
1,"OBJ YELLOW SUPPLY POINT","FUEL",,0,0,0,0,0,0,,,,,0,0,0
1,"MINESWEEP","WATER",,5,0,0,0,0,0,,,,,0,0,0
1,"MINESWEEP","DRY_BULK",,5,0,0,0,0,0,,,,,0,0,0
1,"MINESWEEP","FUEL",,5,0,0,0,0,0,,,,,0,0,0
2,"US BDE MECH","WATER",,2.5,125000,50000,50000,0,125000,1,1,0,2.5,0.00328143008453803,26.7308130310349,1.54032180869267
2,"US BDE MECH","DRY_BULK",,2.5,136000,54400,54400,0,136000,1,1,0,2.5,0.00471044581228442,25.6329574821523,1.47609314092997
2,"US BDE MECH","FUEL",,2.5,762500,305000,305000,0,762500,1,1,0,2.5,0.00287920918896194,28.0604158653829,1.49216605231635
2,"ALLIED BDE MECH","WATER",,3,150000,50000,50000,0,150000,1,1,0,3,0.00303073131545961,24.5542923493732,1.38117026927541
2,"ALLIED BDE MECH","DRY_BULK",,3,163200,54400,54400,0,163200,1,1,0,3,0.00474587056110212,25.4057432398907,1.43506261854299
2,"ALLIED BDE MECH","FUEL",,3,915000,305000,305000,0,915000,1,1,0,3,0.00275100574280469,24.72686659842,1.39209330876929
2,"ALLIED DIV INF","WATER",,2,244800,122400,122400,0,244800,1,1,0,2,0.00283207460904264,24.3925395998352,1.50623096113266
2,"ALLIED DIV INF","DRY_BULK",,2,172400,86200,86200,0,172400,1,1,0,2,0.00528288900217666,28.2984051611418,1.82854412972493
2,"ALLIED DIV INF","FUEL",,2,473800,236900,236900,0,473800,1,1,0,2,0.00292058187805823,26.6945783380163,1.68970233447553
2,"US BDE STRYKER","WATER",,2.25,99258.75,44115,44115,0,99258.75,1,1,0,2.25,0.00289779872222118,21.2114618886658,1.44882131912801
2,"US BDE STRYKER","DRY_BULK",,2.25,104040,46240,46240,0,104040,1,1,0,2.25,0.00473651736169772,21.566249831391,1.47689132652722
2,"US BDE STRYKER","FUEL",,2.25,189720,84320,84320,0,189720,1,1,0,2.25,0.00259744500480197,21.8259359602833,1.49736687524677
2,"US MEB","WATER",,1.5,0,0,0,0,0,,,,,0,0,0
2,"US MEB","DRY_BULK",,1.5,0,0,0,0,0,,,,,0,0,0
2,"US MEB","FUEL",,1.5,0,0,0,0,0,,,,,0,0,0
2,"ALLIED MEB","WATER",,1.5,0,0,0,0,0,,,,,0,0,0
2,"ALLIED MEB","DRY_BULK",,1.5,0,0,0,0,0,,,,,0,0,0
2,"ALLIED MEB","FUEL",,1.5,0,0,0,0,0,,,,,0,0,0
2,"BSA SUPPLY POINT","WATER",,0,0,0,0,0,0,,,,,0,0,0
2,"BSA SUPPLY POINT","DRY_BULK",,0,0,0,0,0,0,,,,,0,0,0
2,"BSA SUPPLY POINT","FUEL",,0,0,0,0,0,0,,,,,0,0,0
2,"OBJ BLUE SUPPLY POINT","WATER",,0,0,0,0,0,0,,,,,0,0,0
2,"OBJ BLUE SUPPLY POINT","DRY_BULK",,0,0,0,0,0,0,,,,,0,0,0
2,"OBJ BLUE SUPPLY POINT","FUEL",,0,0,0,0,0,0,,,,,0,0,0
2,"OBJ YELLOW SUPPLY POINT","WATER",,0,0,0,0,0,0,,,,,0,0,0
2,"OBJ YELLOW SUPPLY POINT","DRY_BULK",,0,0,0,0,0,0,,,,,0,0,0
2,"OBJ YELLOW SUPPLY POINT","FUEL",,0,0,0,0,0,0,,,,,0,0,0
2,"MINESWEEP","WATER",,5,0,0,0,0,0,,,,,0,0,0
2,"MINESWEEP","DRY_BULK",,5,0,0,0,0,0,,,,,0,0,0
2,"MINESWEEP","FUEL",,5,0,0,0,0,0,,,,,0,0,0
3,"US BDE MECH","WATER",,2.5,125000,50000,50000,0,125000,1,1,0,2.5,0.00481247360114552,39.7352840721435,2.14207129501967
3,"US BDE MECH","DRY_BULK",,2.5,136000,54400,54400,0,136000,1,1,0,2.5,0.00718229621044465,39.0765707428139,2.10353409436205
3,"US BDE MECH","FUEL",,2.5,762500,305000,305000,0,762500,1,1,0,2.5,0.00429144117359436,40.5330457727523,2.00832128745671
3,"ALLIED BDE MECH","WATER",,3,150000,50000,50000,0,150000,1,1,0,3,0.00436990209251115,35.9479828068439,1.91879112395297
3,"ALLIED BDE MECH","DRY_BULK",,3,163200,54400,54400,0,163200,1,1,0,3,0.00676289432760885,36.5156167338556,1.95471935679802
3,"ALLIED BDE MECH","FUEL",,3,915000,305000,305000,0,915000,1,1,0,3,0.00401652007612193,36.0630323062084,1.92607315028222
3,"ALLIED DIV INF","WATER",,2,244800,122400,122400,0,244800,1,1,0,2,0.00420336732587443,36.5654979866048,2.10880475076617
3,"ALLIED DIV INF","DRY_BULK",,2,172400,86200,86200,0,172400,1,1,0,2,0.00716473511578665,38.5184307672581,2.26996133506231
3,"ALLIED DIV INF","FUEL",,2,473800,236900,236900,0,473800,1,1,0,2,0.00413483687762712,37.7165173556954,2.2005404374376
3,"US BDE STRYKER","WATER",,2.25,99258.75,44115,44115,0,99258.75,1,1,0,2.25,0.00463817131577222,34.0495972567345,2.07034942162412
3,"US BDE STRYKER","DRY_BULK",,2.25,104040,46240,46240,0,104040,1,1,0,2.25,0.00744659138960333,34.2467016693596,2.08594387017924
3,"US BDE STRYKER","FUEL",,2.25,189720,84320,84320,0,189720,1,1,0,2.25,0.00408361463300828,34.3909717409664,2.09731917502343
3,"US MEB","WATER",,1.5,7785,7785,7785,0,7785,1.5,1.5,0,1.5,0.0216586348500753,71.6603007308302,2.56499869571286
3,"US MEB","DRY_BULK",,1.5,8160,8160,8160,0,8160,1.5,1.5,0,1.5,0.0206632931749799,71.6603007308302,2.56499869571286
3,"US MEB","FUEL",,1.5,14880,14880,14880,0,14880,1.5,1.5,0,1.5,0.0226629667080425,71.6603007308302,2.56499869571286
3,"ALLIED MEB","WATER",,1.5,24960,25000,25000,0,25000,1.50240384615385,1.50240384615385,0,1.50240384615385,0,0,0
3,"ALLIED MEB","DRY_BULK",,1.5,17580,25000,25000,0,25000,2.13310580204778,2.13310580204778,0,2.13310580204778,0,0,0
3,"ALLIED MEB","FUEL",,1.5,34800,34800,34800,0,34800,1.5,1.5,0,1.5,0.00427407996018879,17.8015430341863,0.640676910655385
3,"BSA SUPPLY POINT","WATER",,0,0,0,0,0,0,,,,,0,0,0
3,"BSA SUPPLY POINT","DRY_BULK",,0,0,0,0,0,0,,,,,0,0,0
3,"BSA SUPPLY POINT","FUEL",,0,0,0,0,0,0,,,,,0,0,0
3,"OBJ BLUE SUPPLY POINT","WATER",,0,0,0,0,0,0,,,,,0,0,0
3,"OBJ BLUE SUPPLY POINT","DRY_BULK",,0,0,0,0,0,0,,,,,0,0,0
3,"OBJ BLUE SUPPLY POINT","FUEL",,0,0,0,0,0,0,,,,,0,0,0
3,"OBJ YELLOW SUPPLY POINT","WATER",,0,0,0,0,0,0,,,,,0,0,0
3,"OBJ YELLOW SUPPLY POINT","DRY_BULK",,0,0,0,0,0,0,,,,,0,0,0
3,"OBJ YELLOW SUPPLY POINT","FUEL",,0,0,0,0,0,0,,,,,0,0,0
3,"MINESWEEP","WATER",,5,0,0,0,0,0,,,,,0,0,0
3,"MINESWEEP","DRY_BULK",,5,0,0,0,0,0,,,,,0,0,0
3,"MINESWEEP","FUEL",,5,0,0,0,0,0,,,,,0,0,0
4,"US BDE MECH","WATER",,2.5,125000,50000,50000,0,125000,1,1,0,2.5,0.00573109971111002,47.5379666968087,2.50312098681587
4,"US BDE MECH","DRY_BULK",,2.5,136000,54400,54400,0,136000,1,1,0,2.5,0.00866540644934079,47.1427386992109,2.4799986664213
4,"US BDE MECH","FUEL",,2.5,762500,305000,305000,0,762500,1,1,0,2.5,0.00513878036437381,48.0166237171739,2.31801442854093
4,"ALLIED BDE MECH","WATER",,3,150000,50000,50000,0,150000,1,1,0,3,0.00526268261054552,43.5437764451578,2.27720502707133
4,"ALLIED BDE MECH","DRY_BULK",,3,163200,54400,54400,0,163200,1,1,0,3,0.00810757683861334,43.9221990631655,2.30115718230137
4,"ALLIED BDE MECH","FUEL",,3,915000,305000,305000,0,915000,1,1,0,3,0.00486019629833342,43.6204761114008,2.28205971129084
4,"ALLIED DIV INF","WATER",,2,244800,122400,122400,0,244800,1,1,0,2,0.00488901368429033,42.6519771799896,2.41009164558292
4,"ALLIED DIV INF","DRY_BULK",,2,172400,86200,86200,0,172400,1,1,0,2,0.00810565817259165,43.6284435703163,2.49066993773099
4,"ALLIED DIV INF","FUEL",,2,473800,236900,236900,0,473800,1,1,0,2,0.00474196437741157,43.2274868645349,2.45595948891864
4,"US BDE STRYKER","WATER",,2.25,99258.75,44115,44115,0,99258.75,1,1,0,2.25,0.00560504497885613,41.1818946834393,2.41564281189974
4,"US BDE STRYKER","DRY_BULK",,2.25,104040,46240,46240,0,104040,1,1,0,2.25,0.00895218807177312,41.2913971348977,2.42430639443036
4,"US BDE STRYKER","FUEL",,2.25,189720,84320,84320,0,189720,1,1,0,2.25,0.00490926442645623,41.3715471746793,2.43062600823269
4,"US MEB","WATER",,1.75,63577.5,63577.5,63577.5,0,63577.5,1.75,1.75,0,1.75,0.0408841897479053,60.921435321034,0.443064984152975
4,"US MEB","DRY_BULK",,1.75,66640,66640,66640,0,66640,1.75,1.75,0,1.75,0.0146269952751582,60.921435321034,0.443064984152975
4,"US MEB","FUEL",,1.75,121520,121520,121520,0,121520,1.75,1.75,0,1.75,0.0192734420503165,70.6422647736145,2.36384105617065
4,"ALLIED MEB","WATER",,1.5,43680,43680,43680,0,43680,1.5,1.5,0,1.5,0.038246547828773,56.9525866759366,0.414200630370448
4,"ALLIED MEB","DRY_BULK",,1.5,30765,26275,26275,0,30765,1.28108239882984,1.28108239882984,0,1.5,0.0148097088707132,48.6406375722488,0.353750091434536
4,"ALLIED MEB","FUEL",,1.5,60900,60900,60900,0,60900,1.5,1.5,0,1.5,0.0202653174495026,74.9310112695359,2.89206974958343
4,"OBJ BLUE SUPPLY POINT","WATER",,0,0,0,0,0,0,,,,,0,0,0
4,"OBJ BLUE SUPPLY POINT","DRY_BULK",,0,0,0,0,0,0,,,,,0,0,0
4,"OBJ BLUE SUPPLY POINT","FUEL",,0,0,0,0,0,0,,,,,0,0,0
4,"OBJ YELLOW SUPPLY POINT","WATER",,0,0,0,0,0,0,,,,,0,0,0
4,"OBJ YELLOW SUPPLY POINT","DRY_BULK",,0,0,0,0,0,0,,,,,0,0,0
4,"OBJ YELLOW SUPPLY POINT","FUEL",,0,0,0,0,0,0,,,,,0,0,0
4,"MINESWEEP","WATER",,5,0,0,0,0,0,,,,,0,0,0
4,"MINESWEEP","DRY_BULK",,5,0,0,0,0,0,,,,,0,0,0
4,"MINESWEEP","FUEL",,5,0,0,0,0,0,,,,,0,0,0
5,"US BDE MECH","WATER",,2.5,112500,32500,32500,0,112500,0.722222222222222,0.722222222222222,0,2.5,0.00668740198971267,55.0268969310659,2.84837079437876
5,"US BDE MECH","DRY_BULK",,2.5,122400,35360,35360,0,122400,0.722222222222222,0.722222222222222,0,2.5,0.0109634515625684,54.745845910552,2.83192825543151
5,"US BDE MECH","FUEL",,2.5,686250,198250,198250,0,686250,0.722222222222222,0.722222222222222,0,2.5,0.00590223641431294,55.367275256659,2.59892064766197
5,"ALLIED BDE MECH","WATER",,3,127500,20000,20000,0,127500,0.470588235294118,0.470588235294118,0,3,0.00667316726292867,47.8933976063001,2.46577818916693
5,"ALLIED BDE MECH","DRY_BULK",,3,138720,21760,21760,0,138720,0.470588235294118,0.470588235294118,0,3,0.00889095034914921,48.21245981364,2.48597314357657
5,"ALLIED BDE MECH","FUEL",,3,777750,122000,122000,0,777750,0.470588235294118,0.470588235294118,0,3,0.00538076538925915,47.9580659523482,2.46987135429318
5,"ALLIED DIV INF","WATER",,2,225216,93024,93024,0,225216,0.826086956521739,0.826086956521739,0,2,0.00546884466641917,49.2137119215863,2.93931165309232
5,"ALLIED DIV INF","DRY_BULK",,2,158608,65512,65512,0,158608,0.826086956521739,0.826086956521739,0,2,0.00918657155604923,49.7868552376476,2.98660760717923
5,"ALLIED DIV INF","FUEL",,2,435896,180044,180044,0,435896,0.826086956521739,0.826086956521739,0,2,0.00546920989586188,49.5515110842542,2.96623408287632
5,"US BDE STRYKER","WATER",,2.25,93420,35681.25,35681.25,0,93420,0.859375,0.859375,0,2.25,0.00591459077304651,47.310689871152,2.85285827353805
5,"US BDE STRYKER","DRY_BULK",,2.25,97920,37400,37400,0,97920,0.859375,0.859375,0,2.25,0.0102084556841693,47.3783684696228,2.85821284885211
5,"US BDE STRYKER","FUEL",,2.25,178560,68200,68200,0,178560,0.859375,0.859375,0,2.25,0.00559818537518963,47.4279056469878,2.8621187212716
5,"US MEB","WATER",,2,93420,76552.5,0,76552.5,16867.5,1.63888888888889,0,1.63888888888889,0.361111111111111,0.0408841897479053,60.921435321034,0.443064984152975
5,"US MEB","DRY_BULK",,2,97920,80240,0,80240,17680,1.63888888888889,0,1.63888888888889,0.361111111111111,0.0146269952751582,60.921435321034,0.443064984152975
5,"US MEB","FUEL",,2,178560,146320,104808.457215609,41511.5427843909,137048.457215609,1.63888888888889,1.17392985232537,0.464959036563518,1.53504096343648,0.00889901459004065,24.2041186132562,0.781668986612528
5,"ALLIED MEB","WATER",,2,74880,68640,0,68640,6239.99999999999,1.83333333333333,0,1.83333333333333,0.166666666666666,0.038246547828773,56.9525866759366,0.414200630370448
5,"ALLIED MEB","DRY_BULK",,2,52740,48345,0,48345,4395,1.83333333333333,0,1.83333333333333,0.166666666666667,0.0148097088707132,48.6406375722488,0.353750091434536
5,"ALLIED MEB","FUEL",,2,145080,145080,145080,0,145080,2,2,0,2,0.00604215852696149,13.1900484006336,0.622050045441769
5,"OBJ BLUE SUPPLY POINT","WATER",,0,0,0,0,0,0,,,,,0,0,0
5,"OBJ BLUE SUPPLY POINT","DRY_BULK",,0,0,0,0,0,0,,,,,0,0,0
5,"OBJ BLUE SUPPLY POINT","FUEL",,0,0,0,0,0,0,,,,,0,0,0
5,"OBJ YELLOW SUPPLY POINT","WATER",,0,0,0,0,0,0,,,,,0,0,0
5,"OBJ YELLOW SUPPLY POINT","DRY_BULK",,0,0,0,0,0,0,,,,,0,0,0
5,"OBJ YELLOW SUPPLY POINT","FUEL",,0,0,0,0,0,0,,,,,0,0,0
5,"MINESWEEP","WATER",,5,0,0,0,0,0,,,,,0,0,0
5,"MINESWEEP","DRY_BULK",,5,0,0,0,0,0,,,,,0,0,0
5,"MINESWEEP","FUEL",,5,0,0,0,0,0,,,,,0,0,0
6,"US BDE MECH","WATER",,2.5,112500,45000,45000,0,112500,1,1,0,2.5,0.00792844550682934,62.3861705061526,3.18686483165325
6,"US BDE MECH","DRY_BULK",,2.5,122400,48960,48960,0,122400,1,1,0,2.5,0.0125768520542716,62.2175398938442,3.1769993082849
6,"US BDE MECH","FUEL",,2.5,686250,274500,274500,0,686250,1,1,0,2.5,0.00653719214268745,62.5903975015084,2.82158630963322
6,"ALLIED BDE MECH","WATER",,3,127500,42500,42500,0,127500,1,1,0,3,0.00788047443289333,56.2367802289203,2.85866957547888
6,"ALLIED BDE MECH","DRY_BULK",,3,138720,46240,46240,0,138720,1,1,0,3,0.0111841878822875,56.4494883671468,2.87213287841864
6,"ALLIED BDE MECH","FUEL",,3,777750,259250,259250,0,777750,1,1,0,3,0.00621251832543538,56.2798924596189,2.79209316611915
6,"ALLIED DIV INF","WATER",,2,225216,112608,112608,0,225216,1,1,0,2,0.00749504389019373,69.2805286515324,4.01335038523684
6,"ALLIED DIV INF","DRY_BULK",,2,158608,79304,79304,0,158608,1,1,0,2,0.0124797910951631,69.567100309563,4.03699836228029
6,"ALLIED DIV INF","FUEL",,2,435896,217948,217948,0,435896,1,1,0,2,0.00765398087511422,69.4494282328663,4.02681160012884
6,"US BDE STRYKER","WATER",,2.25,93420,41520,41520,0,93420,1,1,0,2.25,0.0215773597627785,52.1744694423216,1.77321764742024
6,"US BDE STRYKER","DRY_BULK",,2.25,97920,43520,43520,0,97920,1,1,0,2.25,0.0120171370256587,52.2120686636943,1.7761924114836
6,"US BDE STRYKER","FUEL",,2.25,178560,79360,79360,0,178560,1,1,0,2.25,0.00831494062135939,67.654427943043,4.01069380539299
6,"US MEB","WATER",,2,93420,93420,93420,0,93420,2,2,0,2,0.022054367436128,61.4391486531242,2.1890538121602
6,"US MEB","DRY_BULK",,2,97920,97920,44075,53845,44075,2,0.900224673202614,1.09977532679739,0.900224673202614,0.0109220039513935,57.8122109688177,1.90212121468928
6,"US MEB","FUEL",,2,178560,130791.542784391,130791.542784391,0,178560,1.46495903656352,1.46495903656352,0,2,0.0116899094376676,63.4520305624985,2.24276402781187
6,"ALLIED MEB","WATER",,2.5,93600,93600,31580,62020,31580,2.5,0.843482905982906,1.65651709401709,0.843482905982906,0.0217868598010243,64.7135685710512,2.51579937007781
6,"ALLIED MEB","DRY_BULK",,2.5,65925,65925,65925,0,65925,2.5,2.5,0,2.5,0.0117656703668836,61.0866308867446,2.22956320648198
6,"ALLIED MEB","FUEL",,2.5,181350,108810,108810,0,181350,1.5,1.5,0,2.5,0.0101089973434059,53.9125017194588,2.11112146932096
6,"OBJ BLUE SUPPLY POINT","WATER",,0,0,0,0,0,0,,,,,0,0,0
6,"OBJ BLUE SUPPLY POINT","DRY_BULK",,0,0,0,0,0,0,,,,,0,0,0
6,"OBJ BLUE SUPPLY POINT","FUEL",,0,0,0,0,0,0,,,,,0,0,0
6,"OBJ YELLOW SUPPLY POINT","WATER",,0,0,0,0,0,0,,,,,0,0,0
6,"OBJ YELLOW SUPPLY POINT","DRY_BULK",,0,0,0,0,0,0,,,,,0,0,0
6,"OBJ YELLOW SUPPLY POINT","FUEL",,0,0,0,0,0,0,,,,,0,0,0
6,"MINESWEEP","WATER",,5,0,0,0,0,0,,,,,0,0,0
6,"MINESWEEP","DRY_BULK",,5,0,0,0,0,0,,,,,0,0,0
6,"MINESWEEP","FUEL",,5,0,0,0,0,0,,,,,0,0,0
7,"US BDE MECH","WATER",,2.5,112500,45000,45000,0,112500,1,1,0,2.5,0.00920163582396706,70.7659662027125,3.57340629332348
7,"US BDE MECH","DRY_BULK",,2.5,122400,48960,48960,0,122400,1,1,0,2.5,0.0143545801661865,70.6647878353275,3.56748697930247
7,"US BDE MECH","FUEL",,2.5,686250,274500,274500,0,686250,1,1,0,2.5,0.00732253163961097,70.888502399926,3.10586488214532
7,"ALLIED BDE MECH","WATER",,3,127500,42500,42500,0,127500,1,1,0,3,0.0218404430866772,61.523188714228,2.08055791258554
7,"ALLIED BDE MECH","DRY_BULK",,3,138720,46240,46240,0,138720,1,1,0,3,0.0138984111503839,67.4221222256746,3.30935744597425
7,"ALLIED BDE MECH","FUEL",,3,777750,259250,259250,0,777750,1,1,0,3,0.00735901982659555,67.3090582873227,3.20129941341485
7,"ALLIED DIV INF","WATER",,2,225216,112608,112608,0,225216,1,1,0,2,0.0114330847732491,76.5814522274514,4.11273641909885
7,"ALLIED DIV INF","DRY_BULK",,2,158608,79304,79304,0,158608,1,1,0,2,0.0139665872741551,78.5519473465096,4.47166618992971
7,"ALLIED DIV INF","FUEL",,2,435896,217948,217948,0,435896,1,1,0,2,0.00864667922846812,78.4931113081612,4.46657280885398
7,"US BDE STRYKER","WATER",,2.25,93420,41520,0,41520,51900,1,0,1,1.25,0.0215773597627785,52.1744694423216,1.77321764742024
7,"US BDE STRYKER","DRY_BULK",,2.25,97920,43520,0,43520,54400,1,0,1,1.25,0.0120171370256587,52.2120686636943,1.7761924114836
7,"US BDE STRYKER","FUEL",,2.25,178560,79360,79360,0,178560,1,1,0,2.25,0.00995427560744691,79.923275205107,4.75198011744153
7,"US MEB","WATER",,2,93420,46710,46710,0,93420,1,1,0,2,0.0239925767531445,73.7223740840633,2.73616867413996
7,"US MEB","DRY_BULK",,2,97920,97920,83630,14290,83630,2,1.70812908496732,0.29187091503268,1.70812908496732,0.0146402017877168,80.8491410648638,2.59886447036475
7,"US MEB","FUEL",,2,178560,89280,89280,0,178560,1,1,0,2,0.0110511332987323,76.3413401132841,2.53527491774065
7,"ALLIED MEB","WATER",,2.5,93600,93600,78290,15310,78290,2.5,2.09107905982906,0.40892094017094,2.09107905982906,0.0200698849781199,75.3101740224684,2.68771358920053
7,"ALLIED MEB","DRY_BULK",,2.5,65925,26370,26370,0,65925,1,1,0,2.5,0.0126238530041623,64.7134647609787,2.1400918227989
7,"ALLIED MEB","FUEL",,2.5,181350,72540,72540,0,181350,1,1,0,2.5,0.00998027872190726,63.7615907002896,2.16059531542417
7,"OBJ BLUE SUPPLY POINT","WATER",,0,0,0,0,0,0,,,,,0,0,0
7,"OBJ BLUE SUPPLY POINT","DRY_BULK",,0,0,0,0,0,0,,,,,0,0,0
7,"OBJ BLUE SUPPLY POINT","FUEL",,0,0,0,0,0,0,,,,,0,0,0
7,"OBJ YELLOW SUPPLY POINT","WATER",,0,0,0,0,0,0,,,,,0,0,0
7,"OBJ YELLOW SUPPLY POINT","DRY_BULK",,0,0,0,0,0,0,,,,,0,0,0
7,"OBJ YELLOW SUPPLY POINT","FUEL",,0,0,0,0,0,0,,,,,0,0,0
7,"MINESWEEP","WATER",,5,0,0,0,0,0,,,,,0,0,0
7,"MINESWEEP","DRY_BULK",,5,0,0,0,0,0,,,,,0,0,0
7,"MINESWEEP","FUEL",,5,0,0,0,0,0,,,,,0,0,0
8,"US BDE MECH","WATER",,2.5,112500,45000,45000,0,112500,1,1,0,2.5,0.010434125936185,79.3081630351631,3.92772914207264
8,"US BDE MECH","DRY_BULK",,2.5,122400,48960,48960,0,122400,1,1,0,2.5,0.0161390110313981,79.2474560147322,3.92417755366003
8,"US BDE MECH","FUEL",,2.5,686250,274500,274500,0,686250,1,1,0,2.5,0.00815220872066639,79.3816847534913,3.36359400206045
8,"ALLIED BDE MECH","WATER",,3,127500,42500,0,42500,85000,1,0,1,2,0.0218404430866772,61.523188714228,2.08055791258554
8,"ALLIED BDE MECH","DRY_BULK",,3,138720,46240,46240,0,138720,1,1,0,3,0.0165367496872547,78.5698432647323,3.77808309163339
8,"ALLIED BDE MECH","FUEL",,3,777750,259250,259250,0,777750,1,1,0,3,0.0086669817486755,78.494467305831,3.67502754098403
8,"ALLIED DIV INF","WATER",,2,225216,112608,98000,14608,210608,1,0.87027564649048,0.12972435350952,1.87027564649048,0.0222950225512678,79.2700574589609,3.24470315762768
8,"ALLIED DIV INF","DRY_BULK",,2,158608,79304,79304,0,158608,1,1,0,2,0.0151457164732667,85.5126008590506,4.69754169007972
8,"ALLIED DIV INF","FUEL",,2,435896,217948,217948,0,435896,1,1,0,2,0.00941482497982172,85.4831828398764,4.69499499954185
8,"US BDE STRYKER","WATER",,2.25,93420,83040,0,83040,10380,2,0,2,0.25,0.0215773597627785,52.1744694423216,1.77321764742024
8,"US BDE STRYKER","DRY_BULK",,2.25,97920,87040,11400,75640,22280,2,0.261948529411765,1.73805147058824,0.511948529411765,0.0131582165217131,67.0490755237533,3.05403254941771
8,"US BDE STRYKER","FUEL",,2.25,178560,79360,79360,0,178560,1,1,0,2.25,0.0100781653594408,80.4948447283042,4.53936017300689
8,"US MEB","WATER",,2,93420,46710,46710,0,93420,1,1,0,2,0.0236388968611229,82.0991697417438,3.28455343027584
8,"US MEB","DRY_BULK",,2,97920,63250,63250,0,97920,1.29187091503268,1.29187091503268,0,2,0.013785489256168,85.3136706244973,3.03295340557599
8,"US MEB","FUEL",,2,178560,89280,89280,0,178560,1,1,0,2,0.010032270759229,81.463221717334,2.63875108377481
8,"ALLIED MEB","WATER",,2.5,93600,52750,52750,0,93600,1.40892094017094,1.40892094017094,0,2.5,0.0179896989178655,79.1614270571378,3.13048871610985
8,"ALLIED MEB","DRY_BULK",,2.5,65925,26370,26370,0,65925,1,1,0,2.5,0.0130175571450897,70.5995865780995,2.44975463647447
8,"ALLIED MEB","FUEL",,2.5,181350,72540,72540,0,181350,1,1,0,2.5,0.00945109502828216,69.5581562333577,2.25058926810631
8,"OBJ BLUE SUPPLY POINT","WATER",,0,0,0,0,0,0,,,,,0,0,0
8,"OBJ BLUE SUPPLY POINT","DRY_BULK",,0,0,0,0,0,0,,,,,0,0,0
8,"OBJ BLUE SUPPLY POINT","FUEL",,0,0,0,0,0,0,,,,,0,0,0
8,"OBJ YELLOW SUPPLY POINT","WATER",,0,0,0,0,0,0,,,,,0,0,0
8,"OBJ YELLOW SUPPLY POINT","DRY_BULK",,0,0,0,0,0,0,,,,,0,0,0
8,"OBJ YELLOW SUPPLY POINT","FUEL",,0,0,0,0,0,0,,,,,0,0,0
8,"MINESWEEP","WATER",,5,0,0,0,0,0,,,,,0,0,0
8,"MINESWEEP","DRY_BULK",,5,0,0,0,0,0,,,,,0,0,0
8,"MINESWEEP","FUEL",,5,0,0,0,0,0,,,,,0,0,0
9,"US BDE MECH","WATER",,2.5,112500,45000,45000,0,112500,1,1,0,2.5,0.00890278724289586,67.4022354299844,3.29540050731837
9,"US BDE MECH","DRY_BULK",,2.5,122400,48960,48960,0,122400,1,1,0,2.5,0.0137310654441833,67.3658112177258,3.29326955427081
9,"US BDE MECH","FUEL",,2.5,686250,274500,274500,0,686250,1,1,0,2.5,0.00691276586281449,67.4463484609812,2.80474891739337
9,"ALLIED BDE MECH","WATER",,3,127500,85000,85000,0,127500,2,2,0,3,0.0111526890771338,53.4243313147946,2.24689491384394
9,"ALLIED BDE MECH","DRY_BULK",,3,138720,46240,46240,0,138720,1,1,0,3,0.0145838209142741,68.8381963815141,3.29540986591331
9,"ALLIED BDE MECH","FUEL",,3,777750,259250,259250,0,777750,1,1,0,3,0.00749206352593423,68.7879457422466,3.11420466640914
9,"ALLIED DIV INF","WATER",,2,225216,127216,127216,0,225216,1.12972435350952,1.12972435350952,0,2,0.011982838691204,55.2244388203503,2.5009705848981
9,"ALLIED DIV INF","DRY_BULK",,2,158608,79304,79304,0,158608,1,1,0,2,0.0108123845445999,61.1068285957381,3.31279141556911
9,"ALLIED DIV INF","FUEL",,2,435896,217948,217948,0,435896,1,1,0,2,0.00672813613036228,61.092119586151,3.31151807030018
9,"US BDE STRYKER","WATER",,2.25,93420,93420,17784,75636,17784,2.25,0.428323699421965,1.82167630057803,0.428323699421965,0.00300931355864905,26.7588161635074,1.50542940540003
9,"US BDE STRYKER","DRY_BULK",,2.25,97920,97920,97920,0,97920,2.25,2.25,0,2.25,0.0049189000300565,26.7588161635074,1.50542940540003
9,"US BDE STRYKER","FUEL",,2.25,178560,79360,79360,0,178560,1,1,0,2.25,0.00709757037013663,56.6121653661723,3.19094649851495
9,"US MEB","WATER",,2,93420,46710,520,46190,47230,1,0.01113251980304,0.98886748019696,1.01113251980304,0.0300509337425682,82.516753321764,3.31059163964023
9,"US MEB","DRY_BULK",,2,97920,48960,48960,0,97920,1,1,0,2,0.0157745313245848,101.91173995556,3.85680671522161
9,"US MEB","FUEL",,2,178560,89280,89280,0,178560,1,1,0,2,0.0109213894329043,96.804814857729,3.42944060259855
9,"ALLIED MEB","WATER",,2.5,93600,37440,0,37440,56160,1,0,1,1.5,0.0179896989178655,79.1614270571378,3.13048871610985
9,"ALLIED MEB","DRY_BULK",,2.5,65925,26370,26370,0,65925,1,1,0,2.5,0.0135490123424366,77.7266444222103,2.99150249572812
9,"ALLIED MEB","FUEL",,2.5,181350,72540,72540,0,181350,1,1,0,2.5,0.00900718793381157,74.5564256999657,2.54747178826683
9,"OBJ YELLOW SUPPLY POINT","WATER",,0,0,0,0,0,0,,,,,0,0,0
9,"OBJ YELLOW SUPPLY POINT","DRY_BULK",,0,0,0,0,0,0,,,,,0,0,0
9,"OBJ YELLOW SUPPLY POINT","FUEL",,0,0,0,0,0,0,,,,,0,0,0
9,"MINESWEEP","WATER",,5,0,0,0,0,0,,,,,0,0,0
9,"MINESWEEP","DRY_BULK",,5,0,0,0,0,0,,,,,0,0,0
9,"MINESWEEP","FUEL",,5,0,0,0,0,0,,,,,0,0,0
10,"US BDE MECH","WATER",,2.5,112500,45000,45000,0,112500,1,1,0,2.5,0.0115859514526062,93.1536733197215,4.69721949210927
10,"US BDE MECH","DRY_BULK",,2.5,122400,48960,48960,0,122400,1,1,0,2.5,0.0148981906738017,72.4254469889854,3.20070130131095
10,"US BDE MECH","FUEL",,2.5,686250,274500,274500,0,686250,1,1,0,2.5,0.00933615927349972,89.8278530696486,4.03448345403236
10,"ALLIED BDE MECH","WATER",,3,127500,42500,42500,0,127500,1,1,0,3,0.0127628931622259,79.3236055566841,3.74262339519903
10,"ALLIED BDE MECH","DRY_BULK",,3,138720,46240,46240,0,138720,1,1,0,3,0.0154624326223523,72.3442057650131,3.19560034743712
10,"ALLIED BDE MECH","FUEL",,3,777750,259250,259250,0,777750,1,1,0,3,0.00941347611640956,86.7724417844263,4.08360382232782
10,"ALLIED DIV INF","WATER",,2,225216,112608,112608,0,225216,1,1,0,2,0.0118107172576011,82.3215406219189,4.20664154771614
10,"ALLIED DIV INF","DRY_BULK",,2,158608,79304,79304,0,158608,1,1,0,2,0.0109342170731739,59.3797707553866,2.74350243933941
10,"ALLIED DIV INF","FUEL",,2,435896,217948,217948,0,435896,1,1,0,2,0.00932904807804401,85.5219265915013,4.62261604485491
10,"US BDE STRYKER","WATER",,2.25,93420,93420,74892,18528,74892,2.25,1.80375722543353,0.446242774566474,1.80375722543353,0.0116770144508015,109.689581318177,5.93940640000311
10,"US BDE STRYKER","DRY_BULK",,2.25,97920,43520,43520,0,97920,1,1,0,2.25,0.00778850226896482,40.6098542284928,1.81470849303497
10,"US BDE STRYKER","FUEL",,2.25,178560,79360,79360,0,178560,1,1,0,2.25,0.0100745176859308,85.6833349095459,4.70880550640894
10,"US MEB","WATER",,2,93420,92900,92900,0,93420,1.98886748019696,1.98886748019696,0,2,0.018531443204152,92.5637927314888,4.05899403342539
10,"US MEB","DRY_BULK",,2,97920,48960,48960,0,97920,1,1,0,2,0.0143552464142882,96.8469039596902,3.75852070939076
10,"US MEB","FUEL",,2,178560,89280,89280,0,178560,1,1,0,2,0.00913537603699164,89.7191248602976,2.98829542424986
10,"ALLIED MEB","WATER",,2.5,93600,74880,32100,42780,50820,2,0.857371794871795,1.14262820512821,1.35737179487179,0.0160735659968497,82.3995378336604,3.52118699079608
10,"ALLIED MEB","DRY_BULK",,2.5,65925,26370,26370,0,65925,1,1,0,2.5,0.0132944471639525,80.0159743234847,3.11633655778905
10,"ALLIED MEB","FUEL",,2.5,181350,72540,72540,0,181350,1,1,0,2.5,0.00820162232396607,74.4543898497563,2.40468435024878
10,"OBJ YELLOW SUPPLY POINT","WATER",,0,0,0,0,0,0,,,,,0,0,0
10,"OBJ YELLOW SUPPLY POINT","DRY_BULK",,0,0,0,0,0,0,,,,,0,0,0
10,"OBJ YELLOW SUPPLY POINT","FUEL",,0,0,0,0,0,0,,,,,0,0,0
10,"MINESWEEP","WATER",,5,0,0,0,0,0,,,,,0,0,0
10,"MINESWEEP","DRY_BULK",,5,0,0,0,0,0,,,,,0,0,0
10,"MINESWEEP","FUEL",,5,0,0,0,0,0,,,,,0,0,0
11,"US BDE MECH","WATER",,2.5,110000,41500,41500,0,110000,0.943181818181818,0.943181818181818,0,2.5,0.0149735427801201,111.655823767655,5.53812114359279
11,"US BDE MECH","DRY_BULK",,2.5,119680,45152,45152,0,119680,0.943181818181818,0.943181818181818,0,2.5,0.0154854542970353,78.2970939289107,3.23789161639235
11,"US BDE MECH","FUEL",,2.5,671000,253150,253150,0,671000,0.943181818181818,0.943181818181818,0,2.5,0.0118559263326551,113.316717431006,5.21485662998042
11,"ALLIED BDE MECH","WATER",,3,124500,38500,38500,0,124500,0.927710843373494,0.927710843373494,0,3,0.0154789876158232,99.2072050218548,4.77120487678787
11,"ALLIED BDE MECH","DRY_BULK",,3,135456,41888,41888,0,135456,0.927710843373494,0.927710843373494,0,3,0.0161410730431099,77.6233885351232,3.27178944030009
11,"ALLIED BDE MECH","FUEL",,3,759450,234850,234850,0,759450,0.927710843373494,0.927710843373494,0,3,0.0116704320781784,107.411550232212,5.16185339121575
11,"ALLIED DIV INF","WATER",,2,203184,79560,79560,0,203184,0.783132530120482,0.783132530120482,0,2,0.0143051070567244,102.300995504272,5.2069982330207
11,"ALLIED DIV INF","DRY_BULK",,2,143092,56030,56030,0,143092,0.783132530120482,0.783132530120482,0,2,0.0125116235043025,67.1169457140282,2.89662786755188
11,"ALLIED DIV INF","FUEL",,2,393254,153985,153985,0,393254,0.783132530120482,0.783132530120482,0,2,0.0119161145688825,108.121582258215,5.76472364193394
11,"US BDE STRYKER","WATER",,2.25,93420,60048,60048,0,93420,1.44624277456647,1.44624277456647,0,2.25,0.0161984992527718,125.327630460114,6.51099292663499
11,"US BDE STRYKER","DRY_BULK",,2.25,97920,43520,43520,0,97920,1,1,0,2.25,0.0111709805940916,58.0329818090291,2.43120153043766
11,"US BDE STRYKER","FUEL",,2.25,178560,79360,79360,0,178560,1,1,0,2.25,0.0129510236841286,111.562091089187,5.99673416627409
11,"US MEB","WATER",,2,93420,46710,46710,0,93420,1,1,0,2,0.0197207070553561,92.5934057044212,4.04026857474168
11,"US MEB","DRY_BULK",,2,97920,48960,48960,0,97920,1,1,0,2,0.0136479673857651,94.6444346554369,3.74132384955349
11,"US MEB","FUEL",,2,178560,89280,89280,0,178560,1,1,0,2,0.00824236933903531,86.1762798615819,2.76772283507551
11,"ALLIED MEB","WATER",,2.5,93600,80220,78290,1930,91670,2.14262820512821,2.09107905982906,0.0515491452991453,2.44845085470085,0.0155186754324298,84.0148569250428,3.71610551154827
11,"ALLIED MEB","DRY_BULK",,2.5,65925,26370,26370,0,65925,1,1,0,2.5,0.0131435987981622,81.6535312191947,3.21679390948814
11,"ALLIED MEB","FUEL",,2.5,181350,72540,72540,0,181350,1,1,0,2.5,0.00771828295805877,74.3931683396307,2.31901188743796
11,"OBJ YELLOW SUPPLY POINT","WATER",,0,0,0,0,0,0,,,,,0,0,0
11,"OBJ YELLOW SUPPLY POINT","DRY_BULK",,0,0,0,0,0,0,,,,,0,0,0
11,"OBJ YELLOW SUPPLY POINT","FUEL",,0,0,0,0,0,0,,,,,0,0,0
11,"MINESWEEP","WATER",,5,0,0,0,0,0,,,,,0,0,0
11,"MINESWEEP","DRY_BULK",,5,0,0,0,0,0,,,,,0,0,0
11,"MINESWEEP","FUEL",,5,0,0,0,0,0,,,,,0,0,0
12,"US BDE MECH","WATER",,2.5,110000,44000,44000,0,110000,1,1,0,2.5,0.0182666964113026,128.872855443794,6.30118934854374
12,"US BDE MECH","DRY_BULK",,2.5,119680,47872,47872,0,119680,1,1,0,2.5,0.0177428230688969,87.2569601869815,3.53780132002831
12,"US BDE MECH","FUEL",,2.5,671000,268400,268400,0,671000,1,1,0,2.5,0.0138725309403781,132.933119337529,6.17127339711906
12,"ALLIED BDE MECH","WATER",,3,124500,41500,41500,0,124500,1,1,0,3,0.0186124446992228,120.091473436696,5.75430654385113
12,"ALLIED BDE MECH","DRY_BULK",,3,135456,45152,45152,0,135456,1,1,0,3,0.0174063001500532,87.7017146509032,3.6019876593633
12,"ALLIED BDE MECH","FUEL",,3,759450,253150,253150,0,759450,1,1,0,3,0.0139357628735772,128.114143323371,6.22012734929886
12,"ALLIED DIV INF","WATER",,2,203184,101592,101592,0,203184,1,1,0,2,0.0168286101070224,118.177789546592,5.90752453101541
12,"ALLIED DIV INF","DRY_BULK",,2,143092,71546,71546,0,143092,1,1,0,2,0.0142877995486202,73.5849429595126,3.02327645803704
12,"ALLIED DIV INF","FUEL",,2,393254,196627,196627,0,393254,1,1,0,2,0.0136900151166068,124.917742543219,6.57585321595015
12,"US BDE STRYKER","WATER",,2.25,93420,41520,41520,0,93420,1,1,0,2.25,0.018371805487943,129.538447213173,6.54676504906837
12,"US BDE STRYKER","DRY_BULK",,2.25,97920,43520,43520,0,97920,1,1,0,2.25,0.0132162647299364,68.7485005371468,2.84352126035509
12,"US BDE STRYKER","FUEL",,2.25,178560,79360,79360,0,178560,1,1,0,2.25,0.0145344300752779,125.891766858668,6.70731952785632
12,"US MEB","WATER",,2,93420,46710,46710,0,93420,1,1,0,2,0.0198844344954824,92.9666574893283,4.07699014069547
12,"US MEB","DRY_BULK",,2,97920,48960,48960,0,97920,1,1,0,2,0.0132960056704949,93.7774309202175,3.75540401945397
12,"US MEB","FUEL",,2,178560,89280,89280,0,178560,1,1,0,2,0.00952875320451229,87.2078584816241,2.98460095575667
12,"ALLIED MEB","WATER",,2.5,93600,39370,39370,0,93600,1.05154914529915,1.05154914529915,0,2.5,0.0156460385206204,84.432512712302,3.76888518626745
12,"ALLIED MEB","DRY_BULK",,2.5,65925,26370,26370,0,65925,1,1,0,2.5,0.0130544320178811,82.8234500901465,3.29521120036289
12,"ALLIED MEB","FUEL",,2.5,181350,72540,72540,0,181350,1,1,0,2.5,0.00881458911007851,76.5988363290753,2.52933994196612
12,"OBJ YELLOW SUPPLY POINT","WATER",,0,0,0,0,0,0,,,,,0,0,0
12,"OBJ YELLOW SUPPLY POINT","DRY_BULK",,0,0,0,0,0,0,,,,,0,0,0
12,"OBJ YELLOW SUPPLY POINT","FUEL",,0,0,0,0,0,0,,,,,0,0,0
12,"MINESWEEP","WATER",,5,0,0,0,0,0,,,,,0,0,0
12,"MINESWEEP","DRY_BULK",,5,0,0,0,0,0,,,,,0,0,0
12,"MINESWEEP","FUEL",,5,0,0,0,0,0,,,,,0,0,0
13,"US BDE MECH","WATER",,2.5,110000,44000,44000,0,110000,1,1,0,2.5,0.0216876501824357,141.934903503129,6.81602662365256
13,"US BDE MECH","DRY_BULK",,2.5,119680,47872,47872,0,119680,1,1,0,2.5,0.0225050297267174,107.918971743205,3.92695875691327
13,"US BDE MECH","FUEL",,2.5,671000,268400,268400,0,671000,1,1,0,2.5,0.0154284013658311,148.307485107798,6.90143605698013
13,"ALLIED BDE MECH","WATER",,3,124500,41500,0,41500,83000,1,0,1,2,0.0186124446992228,120.091473436696,5.75430654385113
13,"ALLIED BDE MECH","DRY_BULK",,3,135456,45152,45152,0,135456,1,1,0,3,0.020388000048416,103.736750944039,3.80138455874809
13,"ALLIED BDE MECH","FUEL",,3,759450,253150,253150,0,759450,1,1,0,3,0.015385784777998,141.497384954237,6.91963398912797
13,"ALLIED DIV INF","WATER",,2,203184,101592,80000,21592,181592,1,0.787463579809434,0.212536420190566,1.78746357980943,0.029816241391845,123.559680478776,5.24189221180884
13,"ALLIED DIV INF","DRY_BULK",,2,143092,71546,71546,0,143092,1,1,0,2,0.0218361259686032,108.498393019239,4.05237876596834
13,"ALLIED DIV INF","FUEL",,2,393254,196627,196627,0,393254,1,1,0,2,0.0164639245784027,150.393315153922,7.91509167960969
13,"US BDE STRYKER","WATER",,2.25,93420,41520,0,41520,51900,1,0,1,1.25,0.018371805487943,129.538447213173,6.54676504906837
13,"US BDE STRYKER","DRY_BULK",,2.25,97920,43520,0,43520,54400,1,0,1,1.25,0.0132162647299364,68.7485005371468,2.84352126035509
13,"US BDE STRYKER","FUEL",,2.25,178560,79360,79360,0,178560,1,1,0,2.25,0.017142418270525,147.775026881596,7.80671876222435
13,"US MEB","WATER",,2,93420,46710,46710,0,93420,1,1,0,2,0.0197798692362971,93.3083632042417,4.11528909656437
13,"US MEB","DRY_BULK",,2,97920,48960,48960,0,97920,1,1,0,2,0.0131212158840888,93.510209821363,3.77854366573457
13,"US MEB","FUEL",,2,178560,89280,89280,0,178560,1,1,0,2,0.00997053313829445,87.2275289309246,3.07096857356005
13,"ALLIED MEB","WATER",,2.5,93600,37440,37440,0,93600,1,1,0,2.5,0.0146366548827964,84.7866956796737,3.81391615902373
13,"ALLIED MEB","DRY_BULK",,2.5,65925,26370,26370,0,65925,1,1,0,2.5,0.0130018848066957,83.6584260277217,3.35514122395202
13,"ALLIED MEB","FUEL",,2.5,181350,72540,72540,0,181350,1,1,0,2.5,0.00931124320212529,77.5253420341656,2.63787962065327
13,"OBJ YELLOW SUPPLY POINT","WATER",,0,0,0,0,0,0,,,,,0,0,0
13,"OBJ YELLOW SUPPLY POINT","DRY_BULK",,0,0,0,0,0,0,,,,,0,0,0
13,"OBJ YELLOW SUPPLY POINT","FUEL",,0,0,0,0,0,0,,,,,0,0,0
13,"MINESWEEP","WATER",,5,0,0,0,0,0,,,,,0,0,0
13,"MINESWEEP","DRY_BULK",,5,0,0,0,0,0,,,,,0,0,0
13,"MINESWEEP","FUEL",,5,0,0,0,0,0,,,,,0,0,0
14,"US BDE MECH","WATER",,2.5,110000,44000,44000,0,110000,1,1,0,2.5,0.0230906026713287,156.731702938399,7.52321097447904
14,"US BDE MECH","DRY_BULK",,2.5,119680,47872,47872,0,119680,1,1,0,2.5,0.0272541810234444,130.264336934712,4.61917119117132
14,"US BDE MECH","FUEL",,2.5,671000,268400,268400,0,671000,1,1,0,2.5,0.016860402012539,162.62552265626,7.45705131180124
14,"ALLIED BDE MECH","WATER",,3,124500,83000,0,83000,41500,2,0,2,1,0.0186124446992228,120.091473436696,5.75430654385113
14,"ALLIED BDE MECH","DRY_BULK",,3,135456,45152,45152,0,135456,1,1,0,3,0.0238288274539849,122.77957140145,4.32284723982817
14,"ALLIED BDE MECH","FUEL",,3,759450,253150,253150,0,759450,1,1,0,3,0.0168172843781337,154.726725493909,7.55182368899431
14,"ALLIED DIV INF","WATER",,2,203184,123184,80000,43184,160000,1.21253642019057,0.787463579809434,0.425072840381132,1.57492715961887,0.0396134217948016,129.889906570175,4.87534319361307
14,"ALLIED DIV INF","DRY_BULK",,2,143092,71546,71546,0,143092,1,1,0,2,0.0258132883521239,127.772548544137,4.50334786299516
14,"ALLIED DIV INF","FUEL",,2,393254,196627,196627,0,393254,1,1,0,2,0.0173579663504864,158.88010673997,8.15992174098221
14,"US BDE STRYKER","WATER",,2.25,93420,83040,0,83040,10380,2,0,2,0.25,0.018371805487943,129.538447213173,6.54676504906837
14,"US BDE STRYKER","DRY_BULK",,2.25,97920,87040,0,87040,10880,2,0,2,0.25,0.0132162647299364,68.7485005371468,2.84352126035509
14,"US BDE STRYKER","FUEL",,2.25,178560,79360,79360,0,178560,1,1,0,2.25,0.0181733958780865,156.723797724908,8.09664699283729
14,"US MEB","WATER",,2,93420,46710,46710,0,93420,1,1,0,2,0.0197148329454348,93.539404131743,4.14217678394186
14,"US MEB","DRY_BULK",,2,97920,48960,48960,0,97920,1,1,0,2,0.0130346665335761,93.4946421606497,3.80154258401731
14,"US MEB","FUEL",,2,178560,89280,89280,0,178560,1,1,0,2,0.0101914231051855,87.2373641555748,3.11415238246174
14,"ALLIED MEB","WATER",,2.5,93600,37440,37440,0,93600,1,1,0,2.5,0.0140208217710863,85.0473559161323,3.84712531023192
14,"ALLIED MEB","DRY_BULK",,2.5,65925,26370,26370,0,65925,1,1,0,2.5,0.0129710329141367,84.253845901238,3.40024251421945
14,"ALLIED MEB","FUEL",,2.5,181350,72540,72540,0,181350,1,1,0,2.5,0.00960923565735336,78.0812454572198,2.70300342786555
14,"OBJ YELLOW SUPPLY POINT","WATER",,0,0,0,0,0,0,,,,,0,0,0
14,"OBJ YELLOW SUPPLY POINT","DRY_BULK",,0,0,0,0,0,0,,,,,0,0,0
14,"OBJ YELLOW SUPPLY POINT","FUEL",,0,0,0,0,0,0,,,,,0,0,0
14,"MINESWEEP","WATER",,5,0,0,0,0,0,,,,,0,0,0
14,"MINESWEEP","DRY_BULK",,5,0,0,0,0,0,,,,,0,0,0
14,"MINESWEEP","FUEL",,5,0,0,0,0,0,,,,,0,0,0
15,"US BDE MECH","WATER",,2.5,110000,44000,44000,0,110000,1,1,0,2.5,0.0381884270542941,155.793159257326,6.39475259842118
15,"US BDE MECH","DRY_BULK",,2.5,119680,47872,47872,0,119680,1,1,0,2.5,0.0309843100049571,148.115948017145,5.19135400848157
15,"US BDE MECH","FUEL",,2.5,671000,268400,268400,0,671000,1,1,0,2.5,0.0181892276985067,174.416015238416,7.84800630587871
15,"ALLIED BDE MECH","WATER",,3,124500,124500,0,124500,0,3,0,3,0,0.0186124446992228,120.091473436696,5.75430654385113
15,"ALLIED BDE MECH","DRY_BULK",,3,135456,45152,45152,0,135456,1,1,0,3,0.0268800799994339,139.788316293912,4.86218895263587
15,"ALLIED BDE MECH","FUEL",,3,759450,253150,253150,0,759450,1,1,0,3,0.0181237961394067,166.822548845837,8.10319754525216
15,"ALLIED DIV INF","WATER",,2,203184,144776,12000,132776,70408,1.42507284038113,0.118119536971415,1.30695330340972,0.693046696590283,0.0423778867720637,132.786091210474,4.83651086664174
15,"ALLIED DIV INF","DRY_BULK",,2,143092,71546,71546,0,143092,1,1,0,2,0.0285581563505128,139.143261011311,4.66606414635024
15,"ALLIED DIV INF","FUEL",,2,393254,196627,196627,0,393254,1,1,0,2,0.0180443735966168,165.381782750131,8.5081750166418
15,"US BDE STRYKER","WATER",,2.25,93420,93420,0,93420,0,2.25,0,2.25,0,0.018371805487943,129.538447213173,6.54676504906837
15,"US BDE STRYKER","DRY_BULK",,2.25,97920,97920,0,97920,0,2.25,0,2.25,0,0.0132162647299364,68.7485005371468,2.84352126035509
15,"US BDE STRYKER","FUEL",,2.25,178560,79360,79360,0,178560,1,1,0,2.25,0.0189774409757348,163.560861924621,8.4442736337499
15,"US MEB","WATER",,2,93420,46710,46710,0,93420,1,1,0,2,0.0196823148000037,93.6549245954936,4.1556206276306
15,"US MEB","DRY_BULK",,2,97920,48960,48960,0,97920,1,1,0,2,0.0129913918583197,93.4868583302931,3.81304204315868
15,"US MEB","FUEL",,2,178560,89280,89280,0,178560,1,1,0,2,0.0107747795626057,87.7572176701239,3.19042760644487
15,"ALLIED MEB","WATER",,2.5,93600,37440,37440,0,93600,1,1,0,2.5,0.0136513219040602,85.2037520580074,3.86705080095684
15,"ALLIED MEB","DRY_BULK",,2.5,65925,26370,26370,0,65925,1,1,0,2.5,0.0129525217786012,84.6110978253478,3.42730328837991
15,"ALLIED MEB","FUEL",,2.5,181350,72540,72540,0,181350,1,1,0,2.5,0.0101663603096699,78.8267362328315,2.78582436781875
15,"OBJ YELLOW SUPPLY POINT","WATER",,0,0,0,0,0,0,,,,,0,0,0
15,"OBJ YELLOW SUPPLY POINT","DRY_BULK",,0,0,0,0,0,0,,,,,0,0,0
15,"OBJ YELLOW SUPPLY POINT","FUEL",,0,0,0,0,0,0,,,,,0,0,0
15,"MINESWEEP","WATER",,5,0,0,0,0,0,,,,,0,0,0
15,"MINESWEEP","DRY_BULK",,5,0,0,0,0,0,,,,,0,0,0
15,"MINESWEEP","FUEL",,5,0,0,0,0,0,,,,,0,0,0
16,"US BDE MECH","WATER",,2.5,110000,44000,12000,32000,78000,1,0.272727272727273,0.727272727272727,1.77272727272727,0.0420838585800014,156.262448684661,6.14304974652446
16,"US BDE MECH","DRY_BULK",,2.5,119680,47872,47872,0,119680,1,1,0,2.5,0.0339140298368728,162.864078544554,5.70509555806138
16,"US BDE MECH","FUEL",,2.5,671000,268400,268400,0,671000,1,1,0,2.5,0.019384799594437,185.340784448559,8.21468395074461
16,"ALLIED BDE MECH","WATER",,3,124500,124500,0,124500,0,3,0,3,0,0.0186124446992228,120.091473436696,5.75430654385113
16,"ALLIED BDE MECH","DRY_BULK",,3,135456,45152,45152,0,135456,1,1,0,3,0.0291833519099019,143.839386488227,3.98942002895163
16,"ALLIED BDE MECH","FUEL",,3,759450,253150,253150,0,759450,1,1,0,3,0.0194058223185302,178.628186072729,8.63981951894076
16,"ALLIED DIV INF","WATER",,2,203184,203184,0,203184,0,2,0,2,0,0.0423778867720637,132.786091210474,4.83651086664174
16,"ALLIED DIV INF","DRY_BULK",,2,143092,71546,71546,0,143092,1,1,0,2,0.0297471116216728,141.475878055662,3.42539850295999
16,"ALLIED DIV INF","FUEL",,2,393254,196627,196627,0,393254,1,1,0,2,0.020733983365187,184.25445902539,9.41408237519821
16,"US BDE STRYKER","WATER",,2.25,93420,93420,0,93420,0,2.25,0,2.25,0,0.018371805487943,129.538447213173,6.54676504906837
16,"US BDE STRYKER","DRY_BULK",,2.25,97920,97920,0,97920,0,2.25,0,2.25,0,0.0132162647299364,68.7485005371468,2.84352126035509
16,"US BDE STRYKER","FUEL",,2.25,178560,79360,79360,0,178560,1,1,0,2.25,0.0210786888233096,180.492146301121,9.21255281570338
16,"US MEB","WATER",,2,93420,46710,0,46710,46710,1,0,1,1,0.0196823148000037,93.6549245954936,4.1556206276306
16,"US MEB","DRY_BULK",,2,97920,48960,0,48960,48960,1,0,1,1,0.0129913918583197,93.4868583302931,3.81304204315868
16,"US MEB","FUEL",,2,178560,89280,37543.8765895212,51736.1234104788,126823.876589521,1,0.42051833097582,0.57948166902418,1.42051833097582,0.0110482990108523,87.9111107438865,3.21300748393379
16,"ALLIED MEB","WATER",,2.5,93600,37440,0,37440,56160,1,0,1,1.5,0.0136513219040602,85.2037520580074,3.86705080095684
16,"ALLIED MEB","DRY_BULK",,2.5,65925,26370,0,26370,39555,1,0,1,1.5,0.0129525217786012,84.6110978253478,3.42730328837991
16,"ALLIED MEB","FUEL",,2.5,181350,72540,0,72540,108810,1,0,1,1.5,0.0101663603096699,78.8267362328315,2.78582436781875
16,"OBJ YELLOW SUPPLY POINT","WATER",,0,0,0,0,0,0,,,,,0,0,0
16,"OBJ YELLOW SUPPLY POINT","DRY_BULK",,0,0,0,0,0,0,,,,,0,0,0
16,"OBJ YELLOW SUPPLY POINT","FUEL",,0,0,0,0,0,0,,,,,0,0,0
16,"MINESWEEP","WATER",,5,0,0,0,0,0,,,,,0,0,0
16,"MINESWEEP","DRY_BULK",,5,0,0,0,0,0,,,,,0,0,0
16,"MINESWEEP","FUEL",,5,0,0,0,0,0,,,,,0,0,0
17,"US BDE MECH","WATER",,2.5,110000,76000,76000,0,110000,1.72727272727273,1.72727272727273,0,2.5,0.0170049279690894,86.2726060148767,3.50771016676752
17,"US BDE MECH","DRY_BULK",,2.5,119680,47872,47872,0,119680,1,1,0,2.5,0.0249407775787591,119.702991370722,4.35455431885049
17,"US BDE MECH","FUEL",,2.5,671000,268400,268400,0,671000,1,1,0,2.5,0.0138424397215941,133.189014913124,5.66539082517039
17,"ALLIED BDE MECH","WATER",,3,124500,124500,20816,103684,20816,3,0.501590361445783,2.49840963855422,0.501590361445783,0.0497705479578813,175.583451437261,6.6972172152806
17,"ALLIED BDE MECH","DRY_BULK",,3,135456,45152,45152,0,135456,1,1,0,3,0.0228359004350363,114.971520927839,3.51167514588211
17,"ALLIED BDE MECH","FUEL",,3,759450,253150,253150,0,759450,1,1,0,3,0.0157327167782507,143.288601870687,6.85459919498916
17,"ALLIED DIV INF","WATER",,2,203184,203184,203184,0,203184,2,2,0,2,0.0204387318630179,102.191448801325,4.08727451519824
17,"ALLIED DIV INF","DRY_BULK",,2,143092,71546,71546,0,143092,1,1,0,2,0.0210494166049395,102.299234483181,3.06646791509258
17,"ALLIED DIV INF","FUEL",,2,393254,196627,196627,0,393254,1,1,0,2,0.0221759336434437,203.042249007341,9.8183694193033
17,"US BDE STRYKER","WATER",,2.25,93420,93420,0,93420,0,2.25,0,2.25,0,0.018371805487943,129.538447213173,6.54676504906837
17,"US BDE STRYKER","DRY_BULK",,2.25,97920,97920,24000,73920,24000,2.25,0.551470588235294,1.69852941176471,0.551470588235294,0.0276361680233555,138.356995819464,3.63160255964148
17,"US BDE STRYKER","FUEL",,2.25,178560,79360,79360,0,178560,1,1,0,2.25,0.0224923864226802,197.983698789023,9.57340334399929
17,"US MEB","WATER",,2,93420,93420,0,93420,0,2,0,2,0,0.0196823148000037,93.6549245954936,4.1556206276306
17,"US MEB","DRY_BULK",,2,97920,97920,0,97920,0,2,0,2,0,0.0129913918583197,93.4868583302931,3.81304204315868
17,"US MEB","FUEL",,2,178560,141016.123410479,0,141016.123410479,37543.8765895212,1.57948166902418,0,1.57948166902418,0.42051833097582,0.0110482990108523,87.9111107438865,3.21300748393379
17,"ALLIED MEB","WATER",,2.5,93600,74880,0,74880,18720,2,0,2,0.5,0.0136513219040602,85.2037520580074,3.86705080095684
17,"ALLIED MEB","DRY_BULK",,2.5,65925,52740,0,52740,13185,2,0,2,0.5,0.0129525217786012,84.6110978253478,3.42730328837991
17,"ALLIED MEB","FUEL",,2.5,181350,145080,0,145080,36270,2,0,2,0.5,0.0101663603096699,78.8267362328315,2.78582436781875
17,"MINESWEEP","WATER",,5,0,0,0,0,0,,,,,0,0,0
17,"MINESWEEP","DRY_BULK",,5,0,0,0,0,0,,,,,0,0,0
17,"MINESWEEP","FUEL",,5,0,0,0,0,0,,,,,0,0,0
18,"US BDE MECH","WATER",,2.5,110000,44000,44000,0,110000,1,1,0,2.5,0.0202390648663065,129.110851619984,5.6446808720748
18,"US BDE MECH","DRY_BULK",,2.5,119680,47872,47872,0,119680,1,1,0,2.5,0.0261646821625988,126.940073663861,4.50406650369068
18,"US BDE MECH","FUEL",,2.5,671000,268400,268400,0,671000,1,1,0,2.5,0.0146254309760576,141.007921008782,5.96623992588424
18,"ALLIED BDE MECH","WATER",,3,124500,124500,19000,105500,19000,3,0.457831325301205,2.5421686746988,0.457831325301205,0.0233824114090436,195.064198221778,9.01973474944909
18,"ALLIED BDE MECH","DRY_BULK",,3,135456,45152,45152,0,135456,1,1,0,3,0.0240164714300654,123.144905717794,3.97376096404285
18,"ALLIED BDE MECH","FUEL",,3,759450,253150,253150,0,759450,1,1,0,3,0.0160200342662172,147.003154029259,6.93168153481509
18,"ALLIED DIV INF","WATER",,2,203184,101592,84000,17592,185592,1,0.826836758799905,0.173163241200094,1.82683675879991,0.0359339011473694,146.858111226013,5.62047088564189
18,"ALLIED DIV INF","DRY_BULK",,2,143092,71546,71546,0,143092,1,1,0,2,0.0250407220717175,124.730814520107,4.36374883793871
18,"ALLIED DIV INF","FUEL",,2,393254,196627,196627,0,393254,1,1,0,2,0.019854351647625,182.572613306536,8.83365639709537
18,"US BDE STRYKER","WATER",,2.25,93420,93420,0,93420,0,2.25,0,2.25,0,0.018371805487943,129.538447213173,6.54676504906837
18,"US BDE STRYKER","DRY_BULK",,2.25,97920,97920,0,97920,0,2.25,0,2.25,0,0.0276361680233555,138.356995819464,3.63160255964148
18,"US BDE STRYKER","FUEL",,2.25,178560,79360,79360,0,178560,1,1,0,2.25,0.0206425633205236,181.362115026676,8.73951703408347
18,"US MEB","WATER",,2,93420,93420,0,93420,0,2,0,2,0,0.0196823148000037,93.6549245954936,4.1556206276306
18,"US MEB","DRY_BULK",,2,97920,97920,0,97920,0,2,0,2,0,0.0129913918583197,93.4868583302931,3.81304204315868
18,"US MEB","FUEL",,2,178560,178560,0,178560,0,2,0,2,0,0.0110482990108523,87.9111107438865,3.21300748393379
18,"ALLIED MEB","WATER",,2.5,93600,93600,0,93600,0,2.5,0,2.5,0,0.0136513219040602,85.2037520580074,3.86705080095684
18,"ALLIED MEB","DRY_BULK",,2.5,65925,65925,0,65925,0,2.5,0,2.5,0,0.0129525217786012,84.6110978253478,3.42730328837991
18,"ALLIED MEB","FUEL",,2.5,181350,181350,0,181350,0,2.5,0,2.5,0,0.0101663603096699,78.8267362328315,2.78582436781875
18,"MINESWEEP","WATER",,5,0,0,0,0,0,,,,,0,0,0
18,"MINESWEEP","DRY_BULK",,5,0,0,0,0,0,,,,,0,0,0
18,"MINESWEEP","FUEL",,5,0,0,0,0,0,,,,,0,0,0
19,"US BDE MECH","WATER",,2.5,110000,44000,44000,0,110000,1,1,0,2.5,0.0355187894497162,159.916801038247,6.37813079393852
19,"US BDE MECH","DRY_BULK",,2.5,119680,47872,47872,0,119680,1,1,0,2.5,0.0298168248964908,146.48527639685,5.26715983954249
19,"US BDE MECH","FUEL",,2.5,671000,268400,268400,0,671000,1,1,0,2.5,0.0166554250177901,159.289396298774,6.84819035322924
19,"ALLIED BDE MECH","WATER",,3,124500,124500,0,124500,0,3,0,3,0,0.0233824114090436,195.064198221778,9.01973474944909
19,"ALLIED BDE MECH","DRY_BULK",,3,135456,45152,45152,0,135456,1,1,0,3,0.0271027808011565,140.774708690056,4.79414839507682
19,"ALLIED BDE MECH","FUEL",,3,759450,253150,253150,0,759450,1,1,0,3,0.0173107749635989,160.316383810176,7.49217990830142
19,"ALLIED DIV INF","WATER",,2,203184,119184,24000,95184,108000,1.17316324120009,0.23623907394283,0.936924167257264,1.06307583274274,0.041391329866546,160.713343454431,6.03830234400703
19,"ALLIED DIV INF","DRY_BULK",,2,143092,71546,71546,0,143092,1,1,0,2,0.0309477504957162,154.26082651858,5.3448077259095
19,"ALLIED DIV INF","FUEL",,2,393254,196627,196627,0,393254,1,1,0,2,0.0208620890629091,193.299589483992,9.12461811218081
19,"US BDE STRYKER","WATER",,2.25,93420,93420,0,93420,0,2.25,0,2.25,0,0.018371805487943,129.538447213173,6.54676504906837
19,"US BDE STRYKER","DRY_BULK",,2.25,97920,97920,0,97920,0,2.25,0,2.25,0,0.0276361680233555,138.356995819464,3.63160255964148
19,"US BDE STRYKER","FUEL",,2.25,178560,79360,79360,0,178560,1,1,0,2.25,0.0230900146426172,204.587975807422,9.67776561960199
19,"US MEB","WATER",,2,93420,93420,0,93420,0,2,0,2,0,0.0196823148000037,93.6549245954936,4.1556206276306
19,"US MEB","DRY_BULK",,2,97920,97920,0,97920,0,2,0,2,0,0.0129913918583197,93.4868583302931,3.81304204315868
19,"US MEB","FUEL",,2,178560,178560,0,178560,0,2,0,2,0,0.0110482990108523,87.9111107438865,3.21300748393379
19,"ALLIED MEB","WATER",,2.5,93600,93600,0,93600,0,2.5,0,2.5,0,0.0136513219040602,85.2037520580074,3.86705080095684
19,"ALLIED MEB","DRY_BULK",,2.5,65925,65925,0,65925,0,2.5,0,2.5,0,0.0129525217786012,84.6110978253478,3.42730328837991
19,"ALLIED MEB","FUEL",,2.5,181350,181350,0,181350,0,2.5,0,2.5,0,0.0101663603096699,78.8267362328315,2.78582436781875
19,"MINESWEEP","WATER",,5,0,0,0,0,0,,,,,0,0,0
19,"MINESWEEP","DRY_BULK",,5,0,0,0,0,0,,,,,0,0,0
19,"MINESWEEP","FUEL",,5,0,0,0,0,0,,,,,0,0,0
